Recipient,Year,DAC,WB,nonDAC,G7,WB_budget
Albania,2008,239.73,18.6,6.6,113.76,1637.1
Albania,2009,225.75,24.74,8.66,127.94,1683.5
Albania,2010,210.9,14.46,8.6,122.32,1741.3
Albania,2011,179.22,10.87,2.77,105.03,1777.5
Albania,2012,145.71,13.11,24.74,80.27,1823.3
Albania,2013,108.86,-4.29,37.11,63.16,1870.8
Albania,2014,140.95,-5.63,15.43,92.29,1946.7
Albania,2015,169.99,-24.4,80.38,126.72,2577
Albania,2016,99.66,-32.48,14.24,60.82,2530
Albania,2017,121.79,-36.64,8.74,77.92,2524
Belarus,2008,69.91,0,4,32.15,1637.1
Belarus,2009,75.24,0,3.85,38.71,1683.5
Belarus,2010,96.27,0,3.75,53.55,1741.3
Belarus,2011,73.85,0,2.62,30.01,1777.5
Belarus,2012,58.03,0,2.24,32.8,1823.3
Belarus,2013,58.69,0,5.11,32.93,1870.8
Belarus,2014,63.73,0,5.3,27.73,1946.7
Belarus,2015,64.39,0,5.72,27.13,2577
Belarus,2016,53.64,0,-121.39,19.14,2530
Belarus,2017,67.67,0,-372.15,23.02,2524
Bosnia and Herzegovina,2008,293.35,15.43,13.25,109.13,1637.1
Bosnia and Herzegovina,2009,272.82,17.4,21.74,88.81,1683.5
Bosnia and Herzegovina,2010,237.85,92.96,14.9,74.1,1741.3
Bosnia and Herzegovina,2011,253.23,14.63,10.73,83.96,1777.5
Bosnia and Herzegovina,2012,200.64,-1.34,12.72,94.1,1823.3
Bosnia and Herzegovina,2013,172.43,-2.12,13.39,88.53,1870.8
Bosnia and Herzegovina,2014,193.61,-7.38,38.41,93.64,1946.7
Bosnia and Herzegovina,2015,149.63,-0.69,23.69,81.34,2577
Bosnia and Herzegovina,2016,167.63,13.36,32.47,103.62,2530
Bosnia and Herzegovina,2017,210.71,-11.35,37.57,153.34,2524
Croatia,2008,49.2,0,0.37,29.28,1637.1
Croatia,2009,32.26,0,0.14,18.98,1683.5
Croatia,2010,37.42,0,0.31,25.78,1741.3
North Macedonia,2008,137.03,-7.89,7.24,83.54,1637.1
North Macedonia,2009,129.29,-6.77,4.73,75.68,1683.5
North Macedonia,2010,90.28,-7.86,20.26,59.14,1741.3
North Macedonia,2011,69.17,-8.14,5.33,48.38,1777.5
North Macedonia,2012,74.9,-10.54,9.02,55.66,1823.3
North Macedonia,2013,99.3,-10.65,9.81,77.95,1870.8
North Macedonia,2014,81.36,-11.1,11.42,57.37,1946.7
North Macedonia,2015,46.07,-13.05,23.22,23.5,2577
North Macedonia,2016,52.66,-14.36,18.42,20.7,2530
North Macedonia,2017,52.42,-14.81,13.48,21.79,2524
Kosovo,2009,448.49,0,16.68,280.25,1683.5
Kosovo,2010,184.74,0,16.55,51.89,1741.3
Kosovo,2011,180.44,10.75,16.72,66.52,1777.5
Kosovo,2012,286.04,12.91,14.62,154.8,1823.3
Kosovo,2013,259.18,9.44,12.18,128.15,1870.8
Kosovo,2014,245.63,12,13.98,125.85,1946.7
Kosovo,2015,189.9,8.18,11.89,115.72,2577
Kosovo,2016,181.03,9.62,16.1,116.28,2530
Kosovo,2017,174.2,9.85,12.02,104.54,2524
Moldova,2008,115.48,24.05,13.23,71.08,1637.1
Moldova,2009,101.23,21.23,6.15,57,1683.5
Moldova,2010,94.68,59.65,24.53,52.68,1741.3
Moldova,2011,96.55,47.3,20.54,52.54,1777.5
Moldova,2012,119.43,67.28,21.72,72.9,1823.3
Moldova,2013,153.03,25.34,18.77,111.35,1870.8
Moldova,2014,230.78,31.33,61.96,175.71,1946.7
Moldova,2015,205.51,30.59,23.56,149.3,2577
Moldova,2016,95.62,42.06,34.26,46.83,2530
Moldova,2017,94.84,12.4,30.73,48.79,2524
Montenegro,2008,61.23,14.39,3.66,39.98,1637.1
Montenegro,2009,46.04,4.88,2.22,28.01,1683.5
Montenegro,2010,42.07,2.98,7.18,21.67,1741.3
Montenegro,2011,26.05,3.83,5.69,15.32,1777.5
Montenegro,2012,30.67,2.32,8.61,18.69,1823.3
Montenegro,2013,35.08,-1.38,9.63,27.84,1870.8
Montenegro,2014,14.15,-4.44,3.8,10.05,1946.7
Montenegro,2015,17.17,-6.48,17.94,14.92,2577
Montenegro,2016,23.91,-6.47,6.03,22.03,2530
Montenegro,2017,0.95,-7.18,12.73,-2.21,2524
Serbia,2008,519.56,39.56,21.71,255.15,1637.1
Serbia,2009,276.26,22.31,2.89,193.61,1683.5
Serbia,2010,307.81,23.6,3.83,209.65,1741.3
Serbia,2011,232.02,21.72,14.93,145.79,1777.5
Serbia,2012,152.43,4.75,12.63,112.07,1823.3
Serbia,2013,132.54,-22.57,31.32,78.09,1870.8
Serbia,2014,139.27,-44.11,24.65,77.26,1946.7
Serbia,2015,150.14,-58.32,41.06,91.86,2577
Serbia,2016,179.54,-66.94,226.96,124.61,2530
Serbia,2017,252.28,-65.48,1219.53,191.14,2524
States Ex-Yugoslavia unspecified,2008,23.14,0,0.28,6.03,1637.1
States Ex-Yugoslavia unspecified,2009,11.1,0,0,2.48,1683.5
States Ex-Yugoslavia unspecified,2010,8.01,0,0.02,2.23,1741.3
States Ex-Yugoslavia unspecified,2011,12.96,0,0.02,9.78,1777.5
States Ex-Yugoslavia unspecified,2012,2.64,0,0.34,-0.24,1823.3
States Ex-Yugoslavia unspecified,2013,3.08,0,0.35,0.34,1870.8
States Ex-Yugoslavia unspecified,2014,7.27,0,0.77,3.6,1946.7
States Ex-Yugoslavia unspecified,2015,5.87,0,0,3.82,2577
States Ex-Yugoslavia unspecified,2016,5.87,0,0,0.24,2530
States Ex-Yugoslavia unspecified,2017,4.3,0,0,0.31,2524
Turkey,2008,572,-5.49,4.67,450.52,1637.1
Turkey,2009,481.93,-5.68,3.21,300.94,1683.5
Turkey,2010,606.2,-5.63,14.61,503.36,1741.3
Turkey,2011,342.43,-5.31,-6.13,292.79,1777.5
Turkey,2012,111.69,-5.43,-13.69,57.45,1823.3
Turkey,2013,236.72,-4.51,-15.9,190.99,1870.8
Turkey,2014,625.38,0,-10.58,578.6,1946.7
Turkey,2015,301.79,0,-10.47,262.77,2577
Turkey,2016,873.36,0,1.68,524.25,2530
Turkey,2017,1455.5,0,2.46,1234.3,2524
Ukraine,2008,296.16,0,21.35,231.94,1637.1
Ukraine,2009,401.13,0,24.17,316.14,1683.5
Ukraine,2010,430.95,0,21.56,350.41,1741.3
Ukraine,2011,415.41,0,14.55,322.15,1777.5
Ukraine,2012,407.91,0,15.84,316.37,1823.3
Ukraine,2013,305.91,0,16.97,222.41,1870.8
Ukraine,2014,754.27,0,22.75,633.25,1946.7
Ukraine,2015,1149.01,0,25.98,944.85,2577
Ukraine,2016,973.49,0,29.31,810.09,2530
Ukraine,2017,749.49,0,15.8,521.79,2524
Algeria,2008,208.98,0,-20.66,140,1637.1
Algeria,2009,177.07,0,10.04,113.78,1683.5
Algeria,2010,130.92,0,-2.36,100.44,1741.3
Algeria,2011,103.84,0,0.19,89.24,1777.5
Algeria,2012,92.1,0,-3.33,75.93,1823.3
Algeria,2013,88.95,0,41.58,87.18,1870.8
Algeria,2014,89.15,0,6.73,72.8,1946.7
Algeria,2015,52.08,0,-5.15,69.65,2577
Algeria,2016,94.05,0,-0.6,106.38,2530
Algeria,2017,108.76,0,4.31,111.83,2524
Egypt,2008,973.88,-47.52,424.97,847.02,1637.1
Egypt,2009,569.05,-48.74,113.28,476.95,1683.5
Egypt,2010,346.91,-42.21,74.73,281,1741.3
Egypt,2011,191.22,-48.75,98.72,112.43,1777.5
Egypt,2012,280.25,-49.57,458.89,216.95,1823.3
Egypt,2013,282.04,-55.45,4629.6,235.45,1870.8
Egypt,2014,-27.49,-54.75,2886.46,-77.45,1946.7
Egypt,2015,106.13,-59.56,2322.15,72.15,2577
Egypt,2016,175.14,-87.29,1752.55,148.28,2530
Egypt,2017,40.79,-92.74,-217.07,29.41,2524
Libya,2008,48.5,0,1.26,46.73,1637.1
Libya,2009,29.89,0,0.72,28.91,1683.5
Libya,2010,17.4,0,0.72,16.24,1741.3
Libya,2011,462.59,0,96.99,374.26,1777.5
Libya,2012,99.58,0,2.34,77.64,1823.3
Libya,2013,65.4,0,2.98,53.62,1870.8
Libya,2014,90.55,0,56.44,75.4,1946.7
Libya,2015,63.03,0,64.32,50.87,2577
Libya,2016,102.54,0,45.67,84.07,2530
Libya,2017,337.9,0,17.89,308.18,2524
Morocco,2008,529.63,-1.25,356.37,331.27,1637.1
Morocco,2009,615.77,-1.33,18.53,409.45,1683.5
Morocco,2010,535.08,-1.3,10.67,426.77,1741.3
Morocco,2011,754.4,-1.22,22.03,681.87,1777.5
Morocco,2012,818.9,-1.25,-12.1,699.95,1823.3
Morocco,2013,1051.22,-1.24,110.01,996.17,1870.8
Morocco,2014,935.09,0,476.86,890.16,1946.7
Morocco,2015,711.3,0,144.3,646.43,2577
Morocco,2016,966.18,0,426.03,911.84,2530
Morocco,2017,867.26,0,586.14,810.89,2524
Tunisia,2008,213.6,-1.97,-8.57,187.38,1637.1
Tunisia,2009,299.44,-2.04,-5.8,189.38,1683.5
Tunisia,2010,313.07,-2.02,2.64,169.15,1741.3
Tunisia,2011,416.51,-1.91,15.01,318.83,1777.5
Tunisia,2012,370.78,-1.87,50.15,340.41,1823.3
Tunisia,2013,182.35,-1.78,33,124.25,1870.8
Tunisia,2014,198.54,0,198.15,165.14,1946.7
Tunisia,2015,193.69,0,-24.72,152.68,2577
Tunisia,2016,292.77,0,-26.6,258.57,2530
Tunisia,2017,386.93,0,-32.51,350.38,2524
Angola,2008,206.62,20.95,-0.4,113.7,1637.1
Angola,2009,147.03,19.63,0.01,70.32,1683.5
Angola,2010,148.54,3.73,0.09,116.65,1741.3
Angola,2011,117.39,6.58,0.22,89.48,1777.5
Angola,2012,130.95,33.5,0.78,104.92,1823.3
Angola,2013,137.15,42.87,0.13,89.05,1870.8
Angola,2014,89.83,36.17,0.19,80.16,1946.7
Angola,2015,296.78,22.49,0.36,286.86,2577
Angola,2016,66.67,26.73,6.56,69.27,2530
Angola,2017,66.8,40.2,0.16,72.13,2524
Benin,2008,277.67,87.18,3.87,168.88,1637.1
Benin,2009,305.68,87.23,3.32,179.73,1683.5
Benin,2010,331.1,81.6,1.14,220,1741.3
Benin,2011,408.37,58.2,-0.43,313.65,1777.5
Benin,2012,242.84,67.86,4.42,148.46,1823.3
Benin,2013,230.19,128.73,7.41,140.24,1870.8
Benin,2014,230.17,115.7,8.9,157.51,1946.7
Benin,2015,189.83,108.22,6.19,128.47,2577
Benin,2016,226.85,126.43,3.39,149.09,2530
Benin,2017,322.7,106.23,2.72,240.12,2524
Botswana,2008,668.78,-0.45,-1.43,660.88,1637.1
Botswana,2009,252.52,-0.46,-0.41,246.43,1683.5
Botswana,2010,108.79,-0.46,-0.45,102.35,1741.3
Botswana,2011,94.12,-0.43,7.21,89.12,1777.5
Botswana,2012,64.23,-0.44,0.32,56.24,1823.3
Botswana,2013,92.2,-0.44,0.08,84.29,1870.8
Botswana,2014,64.04,0,-0.16,61.92,1946.7
Botswana,2015,57.85,0,-0.29,55.11,2577
Botswana,2016,79.6,0,-0.41,77.53,2530
Botswana,2017,68.23,0,-0.31,65.56,2524
Burkina Faso,2008,421.26,166.96,6.73,229.66,1637.1
Burkina Faso,2009,421.18,216.22,0.64,237.74,1683.5
Burkina Faso,2010,411.86,182.91,4.92,220.73,1741.3
Burkina Faso,2011,394.96,197.76,1.16,217.45,1777.5
Burkina Faso,2012,485.85,199.51,2.84,305.52,1823.3
Burkina Faso,2013,490.37,161.91,3.15,309.54,1870.8
Burkina Faso,2014,530.38,217.39,3.94,379.79,1946.7
Burkina Faso,2015,370.83,265.14,-2.4,236.96,2577
Burkina Faso,2016,372.51,335.55,0.56,233.01,2530
Burkina Faso,2017,399.83,193.44,-5.22,261.06,2524
Burundi,2008,229.92,61.18,0.07,110.94,1637.1
Burundi,2009,250.23,58.96,0.09,133.56,1683.5
Burundi,2010,264.63,102.7,0.32,149.42,1741.3
Burundi,2011,240.12,85.8,0.47,128.9,1777.5
Burundi,2012,206.16,96.02,0.25,104.07,1823.3
Burundi,2013,224.99,93.33,0.27,111.77,1870.8
Burundi,2014,196.6,54.58,0.55,96.64,1946.7
Burundi,2015,173.79,45.64,0.05,77.14,2577
Burundi,2016,571.13,31.27,0.25,462.43,2530
Burundi,2017,210.9,45.81,1.4,120.2,2524
Cabo Verde,2008,147.23,17.02,0.4,45.19,1637.1
Cabo Verde,2009,151.25,0.47,-0.42,63.62,1683.5
Cabo Verde,2010,232.8,20.75,-0.71,57.93,1741.3
Cabo Verde,2011,190.37,-1.79,-0.69,31.34,1777.5
Cabo Verde,2012,204.72,10.86,0.56,19.48,1823.3
Cabo Verde,2013,196.2,3.9,1.82,29.76,1870.8
Cabo Verde,2014,162.18,19.4,1.46,24.78,1946.7
Cabo Verde,2015,109.55,12.62,0.28,39.43,2577
Cabo Verde,2016,77.55,-3.81,1.03,34.48,2530
Cabo Verde,2017,93.93,-5.27,1.56,59.22,2524
Cameroon,2008,264.06,27.39,9.11,243.03,1637.1
Cameroon,2009,247.26,45.9,0.81,214.73,1683.5
Cameroon,2010,245.27,79.22,0.08,224.99,1741.3
Cameroon,2011,284.28,65.87,-0.12,266.16,1777.5
Cameroon,2012,241.51,81.05,-0.42,213.27,1823.3
Cameroon,2013,327.53,144.53,1.23,307.64,1870.8
Cameroon,2014,396.16,114.52,5.45,366.23,1946.7
Cameroon,2015,405.89,91.79,-0.6,376.73,2577
Cameroon,2016,483.79,129.06,2.36,453.19,2530
Cameroon,2017,549.27,128.7,4.05,501.66,2524
Central African Republic,2008,123.32,13.74,0.25,87.36,1637.1
Central African Republic,2009,95.43,27.6,0.43,74.61,1683.5
Central African Republic,2010,109.37,16.99,0.4,60.78,1741.3
Central African Republic,2011,90.78,48.08,0.26,69.19,1777.5
Central African Republic,2012,66.51,39.21,0.3,49.98,1823.3
Central African Republic,2013,102.63,9.13,1.06,69.96,1870.8
Central African Republic,2014,253.96,64.98,1.42,173.74,1946.7
Central African Republic,2015,282.52,26.93,1.1,215.83,2577
Central African Republic,2016,261.4,38.4,0.8,191.95,2530
Central African Republic,2017,248.56,9.53,0.79,186.17,2524
Chad,2008,266.19,-27.2,2.74,184.25,1637.1
Chad,2009,362.01,3.66,-0.01,283.48,1683.5
Chad,2010,294.21,-3.66,-0.62,236.31,1741.3
Chad,2011,234.93,3.81,-0.61,190.01,1777.5
Chad,2012,237.65,-1.69,0.69,199.98,1823.3
Chad,2013,212.06,-4.78,0.02,177.43,1870.8
Chad,2014,148.81,0.93,1.13,105.89,1946.7
Chad,2015,231.93,72.54,1.09,195.42,2577
Chad,2016,179.46,89,5.38,139.97,2530
Chad,2017,228.79,84.44,3.07,189.43,2524
Comoros,2008,17.35,0.06,5.03,16.23,1637.1
Comoros,2009,24.23,-0.71,0.77,24.15,1683.5
Comoros,2010,20.11,4.7,15.72,20.11,1741.3
Comoros,2011,23.65,2.35,0.7,23.43,1777.5
Comoros,2012,27.51,2.33,10.79,26.79,1823.3
Comoros,2013,33.78,6.77,2.54,33.01,1870.8
Comoros,2014,26.89,8.63,2.31,26.44,1946.7
Comoros,2015,27.23,7.84,1.75,25.81,2577
Comoros,2016,21.13,5.73,1.84,20.95,2530
Comoros,2017,24.72,16.23,2.46,24.39,2524
Congo,2008,320.48,17.65,0.15,316.65,1637.1
Congo,2009,200.76,11.11,0.19,147.82,1683.5
Congo,2010,1109.03,20.43,0.49,1041.17,1741.3
Congo,2011,154.14,22.84,0.38,151.85,1777.5
Congo,2012,45.96,27.51,0.88,42.09,1823.3
Congo,2013,70.09,18.91,0.5,64.38,1870.8
Congo,2014,43.62,10.81,0.55,33.03,1946.7
Congo,2015,34.99,10.41,1.94,31.89,2577
Congo,2016,33.51,11.95,0.66,31.21,2530
Congo,2017,39.16,18.66,2.18,37.02,2524
Côte d'Ivoire,2008,199.24,181.36,2.51,172.92,1637.1
Côte d'Ivoire,2009,1559.34,179.11,2.24,1421.72,1683.5
Côte d'Ivoire,2010,408.36,177.99,1.48,394.48,1741.3
Côte d'Ivoire,2011,630.51,149.12,2.26,592.39,1777.5
Côte d'Ivoire,2012,1921.27,99.43,7.69,1528.44,1823.3
Côte d'Ivoire,2013,682.38,115.36,2.63,473.54,1870.8
Côte d'Ivoire,2014,235.07,174.75,4.32,226.32,1946.7
Côte d'Ivoire,2015,149.26,248.62,-0.09,140.38,2577
Côte d'Ivoire,2016,214.26,182.11,3.21,202.14,2530
Côte d'Ivoire,2017,289.52,228.29,3.36,233.76,2524
Democratic Republic of the Congo,2008,907.42,271.44,4.01,538.96,1637.1
Democratic Republic of the Congo,2009,1063.06,387.54,1.71,691.19,1683.5
Democratic Republic of the Congo,2010,2240.15,282.41,6.55,721.32,1741.3
Democratic Republic of the Congo,2011,3921.83,355.55,-0.32,3457.06,1777.5
Democratic Republic of the Congo,2012,1542.59,354.22,0.72,1246.48,1823.3
Democratic Republic of the Congo,2013,1097.11,478.43,0.94,793.42,1870.8
Democratic Republic of the Congo,2014,1073.4,435.19,0.39,805.85,1946.7
Democratic Republic of the Congo,2015,1422.1,351.73,-0.56,1192.25,2577
Democratic Republic of the Congo,2016,988.79,339.64,0.31,736.81,2530
Democratic Republic of the Congo,2017,1190.15,321.18,1.8,893.88,2524
Djibouti,2008,58.46,7.54,20.01,56.58,1637.1
Djibouti,2009,85.45,6.54,10.37,81.4,1683.5
Djibouti,2010,86.44,-0.18,7.48,85.86,1741.3
Djibouti,2011,77,0.7,5.84,75.08,1777.5
Djibouti,2012,75.14,5.09,8.45,73.36,1823.3
Djibouti,2013,67.82,3.17,6.28,66.95,1870.8
Djibouti,2014,75.53,8.51,13.78,71.88,1946.7
Djibouti,2015,90.95,6.56,28.62,89.48,2577
Djibouti,2016,70.79,4.68,59.84,69.02,2530
Djibouti,2017,73.39,10.37,18.43,72,2524
Equatorial Guinea,2008,15.07,-1.45,0.02,3.98,1637.1
Equatorial Guinea,2009,21.01,-1.67,-0.04,2.94,1683.5
Equatorial Guinea,2010,71.18,-1.51,-0.23,53.39,1741.3
Equatorial Guinea,2011,18.05,-1.8,-0.04,4.76,1777.5
Equatorial Guinea,2012,12.19,-2.05,-0.08,3.42,1823.3
Equatorial Guinea,2013,5.05,-2.14,-0.05,3.23,1870.8
Equatorial Guinea,2014,4.48,-1.79,0.02,2.62,1946.7
Equatorial Guinea,2015,5.15,-0.66,0,2.76,2577
Equatorial Guinea,2016,6.81,-2.17,0,4.25,2530
Equatorial Guinea,2017,6.14,-2.13,0.01,4.57,2524
Eritrea,2008,46.24,27.63,7.94,28.21,1637.1
Eritrea,2009,39.95,4.56,17.93,20.47,1683.5
Eritrea,2010,31.56,1.33,22.21,15.83,1741.3
Eritrea,2011,26.69,11.21,3.06,18.02,1777.5
Eritrea,2012,12.83,1.05,49.91,9.42,1823.3
Eritrea,2013,12.42,0,-0.53,10.64,1870.8
Eritrea,2014,12.8,0,-0.6,11.63,1946.7
Eritrea,2015,11.81,0,35,6.12,2577
Eritrea,2016,10.43,0,2.92,4.67,2530
Eritrea,2017,17.4,0,17.37,9.27,2524
Ethiopia,2008,1816.7,509.8,32.61,1481.48,1637.1
Ethiopia,2009,1818.53,1001.81,18.73,1467.8,1683.5
Ethiopia,2010,1861.78,635.98,34.66,1599.97,1741.3
Ethiopia,2011,1811.99,642.14,13.64,1521.62,1777.5
Ethiopia,2012,1711.15,701.68,14.51,1427.42,1823.3
Ethiopia,2013,1796.56,874.73,8.27,1518.59,1870.8
Ethiopia,2014,1761.84,800.49,8.32,1405.91,1946.7
Ethiopia,2015,1830.63,700.35,11.34,1471.27,2577
Ethiopia,2016,2076.87,1198.49,12.45,1662.58,2530
Ethiopia,2017,2206.62,1082.43,12.23,1786.26,2524
Gabon,2008,31.52,0,0.62,31.48,1637.1
Gabon,2009,45.67,0,0.01,46,1683.5
Gabon,2010,72.91,0,0.03,72.55,1741.3
Gabon,2011,51.77,0,1.41,51.43,1777.5
Gabon,2012,55.04,0,-0.44,54.92,1823.3
Gabon,2013,66.59,0,0.52,66.03,1870.8
Gabon,2014,87.86,0,0.16,87.72,1946.7
Gabon,2015,86.18,0,-0.05,85.66,2577
Gabon,2016,25,0,0.21,24.37,2530
Gabon,2017,91.87,0,-2.02,91.61,2524
Gambia,2008,27.17,7.62,4.17,20.93,1637.1
Gambia,2009,19.95,15.75,1.02,21.57,1683.5
Gambia,2010,29.41,10.95,1.3,23.79,1741.3
Gambia,2011,29.88,9.99,1.35,22.22,1777.5
Gambia,2012,26.13,26.9,1.55,21.47,1823.3
Gambia,2013,26.92,6.38,4.46,22.26,1870.8
Gambia,2014,17.71,12.18,3.85,15.55,1946.7
Gambia,2015,21.85,9.52,17.6,19.35,2577
Gambia,2016,21.32,17.83,4.9,18.97,2530
Gambia,2017,45,84.59,3.9,40.08,2524
Ghana,2008,650.84,254.69,5.02,435.54,1637.1
Ghana,2009,782.6,238.5,5.83,568.51,1683.5
Ghana,2010,858.44,304.79,3.27,629.18,1741.3
Ghana,2011,843.3,381.02,0.18,675.43,1777.5
Ghana,2012,778.74,337.32,6.01,587.56,1823.3
Ghana,2013,663.76,289.93,1.23,515.31,1870.8
Ghana,2014,551.47,284.91,5.52,433.71,1946.7
Ghana,2015,630.52,525.21,2.99,483.27,2577
Ghana,2016,633.39,287.76,3.28,494.78,2530
Ghana,2017,593.85,353.9,4.69,483.56,2524
Guinea,2008,194.24,31.12,0.3,178.01,1637.1
Guinea,2009,159.08,-24.5,-3.99,149.47,1683.5
Guinea,2010,87.34,0.06,-1.63,80.36,1741.3
Guinea,2011,73.89,18.02,0.34,65.28,1777.5
Guinea,2012,132.75,48.86,-2.98,122.08,1823.3
Guinea,2013,224.93,31.97,20.06,202.87,1870.8
Guinea,2014,171.73,91.02,15.95,155.92,1946.7
Guinea,2015,181.14,74.27,11.89,167.87,2577
Guinea,2016,236.28,71.99,17.31,223.43,2530
Guinea,2017,172.4,58.22,16,158.69,2524
Guinea-Bissau,2008,45.54,15.71,0.05,13.72,1637.1
Guinea-Bissau,2009,45.39,14.13,0.01,17.97,1683.5
Guinea-Bissau,2010,49.15,7.79,0.23,23.74,1741.3
Guinea-Bissau,2011,44.11,10.24,0.11,23.84,1777.5
Guinea-Bissau,2012,35.21,9.41,0.54,20.31,1823.3
Guinea-Bissau,2013,38.43,5.86,1.75,15.55,1870.8
Guinea-Bissau,2014,24.99,15.68,1.55,12.66,1946.7
Guinea-Bissau,2015,26.15,7.27,0.22,8.39,2577
Guinea-Bissau,2016,134.95,8.92,0.43,118.2,2530
Guinea-Bissau,2017,28.91,16.2,3,15.76,2524
Kenya,2008,948.28,106.39,3.23,720.77,1637.1
Kenya,2009,1255.73,80.29,4.07,972.71,1683.5
Kenya,2010,1175.47,127,3.36,974.33,1741.3
Kenya,2011,1509.96,149.14,4.5,1245,1777.5
Kenya,2012,1626.76,178.12,4.34,1389.61,1823.3
Kenya,2013,1933.68,350.45,6.36,1680.66,1870.8
Kenya,2014,1525.59,435.68,6.81,1287.19,1946.7
Kenya,2015,1512.33,427.85,1.31,1285.53,2577
Kenya,2016,1406.24,349.07,6.17,1200.5,2530
Kenya,2017,1502.94,463.04,9.23,1290.48,2524
Lesotho,2008,59.87,18.78,-0.28,39.88,1637.1
Lesotho,2009,68.68,10.87,4.51,42.37,1683.5
Lesotho,2010,97.14,32.65,2.84,79.57,1741.3
Lesotho,2011,144.7,15,2.61,127.58,1777.5
Lesotho,2012,159.01,-3.28,4.14,145.2,1823.3
Lesotho,2013,194.18,31.23,5.18,189,1870.8
Lesotho,2014,49.55,4.56,12.28,44.91,1946.7
Lesotho,2015,37.17,7.86,6.52,33.78,2577
Lesotho,2016,63.16,10.87,1.87,59.36,2530
Lesotho,2017,79.19,23.3,-0.23,76.03,2524
Liberia,2008,816.32,4.29,0.82,663.83,1637.1
Liberia,2009,334.11,40.98,0.16,247.63,1683.5
Liberia,2010,647.16,39.97,1.45,531.92,1741.3
Liberia,2011,475.93,56.62,0.1,330.88,1777.5
Liberia,2012,321.34,38.33,0.04,237.3,1823.3
Liberia,2013,301.74,40.06,0.7,225.33,1870.8
Liberia,2014,401.51,91.62,3.8,302.03,1946.7
Liberia,2015,665.75,186.89,4.29,584.77,2577
Liberia,2016,540.51,121.04,8.23,481.76,2530
Liberia,2017,407.03,56.79,1.45,352.69,2524
Madagascar,2008,259.02,201.3,3.43,213.68,1637.1
Madagascar,2009,232.51,34.35,1.36,208.43,1683.5
Madagascar,2010,212.48,75.73,8.75,188.95,1741.3
Madagascar,2011,207.42,39.98,3.2,178.82,1777.5
Madagascar,2012,172.36,43.25,1.79,148.62,1823.3
Madagascar,2013,207.66,73.44,-0.11,186.49,1870.8
Madagascar,2014,177.46,107.48,-0.84,157.01,1946.7
Madagascar,2015,326.14,107.56,-1.46,306.91,2577
Madagascar,2016,269.77,130.02,10.91,239.51,2530
Madagascar,2017,249.93,184.37,9.04,207.87,2524
Malawi,2008,395.77,48.96,3.73,292.37,1637.1
Malawi,2009,428.16,78.9,0.11,309.47,1683.5
Malawi,2010,484.61,125.79,-0.69,381.66,1741.3
Malawi,2011,412.93,63.9,-0.72,315.09,1777.5
Malawi,2012,585.47,146.03,0.06,478.18,1823.3
Malawi,2013,588.48,178.57,0.15,444.22,1870.8
Malawi,2014,467.47,153.87,4.21,354.08,1946.7
Malawi,2015,579.17,156.11,2.23,452.33,2577
Malawi,2016,711.36,152.42,6.54,601.55,2530
Malawi,2017,789.13,322.22,2.81,681.14,2524
Mali,2008,481.1,105.61,-0.6,288.48,1637.1
Mali,2009,550.46,160.94,1.09,349.87,1683.5
Mali,2010,661.62,146.55,-0.01,466.67,1741.3
Mali,2011,721.72,135.86,2.85,510.2,1777.5
Mali,2012,713.04,63.65,0.46,538.1,1823.3
Mali,2013,659.94,137.64,9.98,403.86,1870.8
Mali,2014,620.24,109.41,5.92,427.09,1946.7
Mali,2015,675.7,235.79,15.38,472.47,2577
Mali,2016,685.29,96.34,9.22,450.67,2530
Mali,2017,718.42,181.08,18.48,505.7,2524
Mauritania,2008,125.97,41.58,23.78,93.21,1637.1
Mauritania,2009,107.63,36.73,20.07,67.19,1683.5
Mauritania,2010,91.07,36.64,17.38,58.52,1741.3
Mauritania,2011,110.75,30.08,10.95,78.8,1777.5
Mauritania,2012,151.65,34.71,47.23,135.92,1823.3
Mauritania,2013,114.83,9.08,6.91,96.45,1870.8
Mauritania,2014,84.17,7.77,22.64,72.92,1946.7
Mauritania,2015,104.77,12.99,63.19,86.07,2577
Mauritania,2016,69.06,60.64,62.95,64.98,2530
Mauritania,2017,64.24,46.84,15.21,60.87,2524
Mauritius,2008,13.74,-0.57,-1.8,15.18,1637.1
Mauritius,2009,56.82,-0.59,-1.86,55.97,1683.5
Mauritius,2010,52.91,-0.59,-1.95,51.78,1741.3
Mauritius,2011,96.85,-0.55,-1.54,95.35,1777.5
Mauritius,2012,78.09,-0.57,-1.52,77.04,1823.3
Mauritius,2013,56.2,-0.56,-1.52,54.63,1870.8
Mauritius,2014,65.15,0,-9.28,63.72,1946.7
Mauritius,2015,39.46,0,0.15,37.15,2577
Mauritius,2016,7.92,0,0.29,7.13,2530
Mauritius,2017,7.76,0,0.34,4.19,2524
Mayotte,2008,396.19,0,0,396.19,1637.1
Mayotte,2009,469.09,0,0,469.09,1683.5
Mayotte,2010,541.73,0,0,541.73,1741.3
Mozambique,2008,1220.06,261.13,-0.47,622.27,1637.1
Mozambique,2009,1232.85,205.57,0.04,605.28,1683.5
Mozambique,2010,1285.76,157.07,1.81,659.52,1741.3
Mozambique,2011,1536.93,86.41,1.83,833.54,1777.5
Mozambique,2012,1369.1,206,0.29,809.9,1823.3
Mozambique,2013,1538.27,337.86,10.92,964.86,1870.8
Mozambique,2014,1315.08,289.6,7.61,824.83,1946.7
Mozambique,2015,1081.29,350.61,8.68,651.83,2577
Mozambique,2016,1074.24,235.06,9.19,717.91,2530
Mozambique,2017,1199.72,212.43,10.98,845.71,2524
Namibia,2008,153.98,0,-1.25,113.86,1637.1
Namibia,2009,242.98,0,-1.31,214.37,1683.5
Namibia,2010,217.6,0,-1.28,187.86,1741.3
Namibia,2011,229.25,0,1,204.74,1777.5
Namibia,2012,199.83,0,-0.88,184.47,1823.3
Namibia,2013,205,0,-0.58,190.4,1870.8
Namibia,2014,182.28,0,0.16,172.32,1946.7
Namibia,2015,117.13,0,-0.86,110.75,2577
Namibia,2016,133.95,0,-0.31,128.96,2530
Namibia,2017,128.09,0,1.16,123,2524
Niger,2008,247.86,57.86,6.37,167.75,1637.1
Niger,2009,236.73,37.45,1.66,159.59,1683.5
Niger,2010,361.21,68.63,2.35,247.96,1741.3
Niger,2011,274.75,92.8,4.44,184.89,1777.5
Niger,2012,386.76,104.29,2.74,276.24,1823.3
Niger,2013,308.75,104.74,5.35,211.82,1870.8
Niger,2014,291.72,130.35,2,192.75,1946.7
Niger,2015,348.69,94.59,9.28,236.57,2577
Niger,2016,380.64,205.17,12.66,250.11,2530
Niger,2017,427.37,313.15,10.5,288.07,2524
Nigeria,2008,653.48,310.9,1.44,544.24,1637.1
Nigeria,2009,709.91,459.45,1.58,655.17,1683.5
Nigeria,2010,868.64,932.92,1.5,820.52,1741.3
Nigeria,2011,830.07,583.1,0.92,790.62,1777.5
Nigeria,2012,863.55,444.44,2.29,834.18,1823.3
Nigeria,2013,1098.4,576.87,1.33,1091.73,1870.8
Nigeria,2014,989.33,783.52,1.06,966.48,1946.7
Nigeria,2015,1100.39,718.24,1.01,1048.87,2577
Nigeria,2016,1233.67,661.65,1.94,1147.02,2530
Nigeria,2017,1742.86,732.99,2.09,1598.93,2524
Rwanda,2008,423.45,130.86,0.99,273.56,1637.1
Rwanda,2009,507.44,109.9,2.21,326.07,1683.5
Rwanda,2010,532.57,139.18,1.77,376.69,1741.3
Rwanda,2011,552.49,260.98,7.88,390.59,1777.5
Rwanda,2012,407.63,87.86,1.29,286.2,1823.3
Rwanda,2013,528.53,140.09,2.56,388.13,1870.8
Rwanda,2014,440.77,182.86,4.58,294.51,1946.7
Rwanda,2015,550.33,295.99,6.38,402.86,2577
Rwanda,2016,501.35,228.86,3.58,354.68,2530
Rwanda,2017,507.73,291.36,4.9,352.95,2524
Saint Helena,2008,46.14,0,0.01,46.14,1637.1
Saint Helena,2009,31.22,0,0,31.22,1683.5
Saint Helena,2010,50.19,0,0,50.19,1741.3
Saint Helena,2011,70.06,0,0,70.06,1777.5
Saint Helena,2012,148.14,0,0,148.14,1823.3
Saint Helena,2013,114.76,0,0,114.76,1870.8
Saint Helena,2014,102.01,0,0,102.01,1946.7
Saint Helena,2015,71.7,0,0,71.7,2577
Saint Helena,2016,98.49,0,0,98.49,2530
Saint Helena,2017,65.29,0,0,65.29,2524
Sao Tome and Principe,2008,23.12,8.23,0.03,10.12,1637.1
Sao Tome and Principe,2009,17.3,1.06,0.01,3.05,1683.5
Sao Tome and Principe,2010,29.77,2.04,0,5.03,1741.3
Sao Tome and Principe,2011,32.69,17.02,0,5.67,1777.5
Sao Tome and Principe,2012,26.07,5.48,0.03,4.92,1823.3
Sao Tome and Principe,2013,19.99,5.75,0,3.94,1870.8
Sao Tome and Principe,2014,16.22,0.47,0.19,4.05,1946.7
Sao Tome and Principe,2015,29.01,0.56,0.02,2.85,2577
Sao Tome and Principe,2016,18.58,5.71,0.04,2.94,2530
Sao Tome and Principe,2017,15.09,1.42,0.06,3.48,2524
Senegal,2008,501.52,124.61,38.84,363.2,1637.1
Senegal,2009,475,129.71,3.9,334.66,1683.5
Senegal,2010,502.97,105.63,12.75,378.73,1741.3
Senegal,2011,521.88,155.26,7.3,418.02,1777.5
Senegal,2012,650.87,126.68,-2.39,550.01,1823.3
Senegal,2013,594.59,119.52,7.5,508.96,1870.8
Senegal,2014,749.04,124.95,2.19,671.16,1946.7
Senegal,2015,596.94,163.27,10.99,526.8,2577
Senegal,2016,425.15,125.92,12.84,325.71,2530
Senegal,2017,545.59,223.49,5.95,472.28,2524
Seychelles,2008,4.36,0,0.15,4.31,1637.1
Seychelles,2009,9.89,0,0.05,9.83,1683.5
Seychelles,2010,25.51,0,16.38,25.15,1741.3
Seychelles,2011,5.43,0,4.63,3.54,1777.5
Seychelles,2012,5.08,0,10.77,4.35,1823.3
Seychelles,2013,6.32,0,6.13,4.79,1870.8
Seychelles,2014,2.97,0,1.7,2.47,1946.7
Seychelles,2015,3.64,0,0.94,2.86,2577
Seychelles,2016,-9.27,0,4.09,-8.32,2530
Seychelles,2017,9.7,0,4.79,8.4,2524
Sierra Leone,2008,151.81,47.4,-1.02,125.95,1637.1
Sierra Leone,2009,181.55,34.79,0.29,154.96,1683.5
Sierra Leone,2010,178.4,54.79,0.84,154.88,1741.3
Sierra Leone,2011,152.37,54.61,4.49,128.17,1777.5
Sierra Leone,2012,168.16,59.87,2.48,142.44,1823.3
Sierra Leone,2013,185.99,39.95,3.46,166.09,1870.8
Sierra Leone,2014,441.82,108.34,6.24,388.35,1946.7
Sierra Leone,2015,503.6,78.95,7.03,465.59,2577
Sierra Leone,2016,399.36,25.61,15.15,367.56,2530
Sierra Leone,2017,282.79,65.89,6.22,257.03,2524
Somalia,2008,554.62,0,12.5,419.87,1637.1
Somalia,2009,499.12,0,7.98,335.33,1683.5
Somalia,2010,301.14,0,6.45,185.62,1741.3
Somalia,2011,662.53,0,82.88,378.34,1777.5
Somalia,2012,610.53,0,68.75,444.82,1823.3
Somalia,2013,661.79,0,94.16,500.43,1870.8
Somalia,2014,685.14,0,81.98,467.42,1946.7
Somalia,2015,647.29,0,309.59,467.48,2577
Somalia,2016,769.3,0,175.77,563.46,2530
Somalia,2017,1255.12,0,94.2,984.18,2524
South Africa,2008,868.6,0,1.82,715.72,1637.1
South Africa,2009,905.95,0,2.29,742.67,1683.5
South Africa,2010,857.49,0,1.63,727.9,1741.3
South Africa,2011,1012.88,0,0.87,892.79,1777.5
South Africa,2012,711.91,0,0.94,650.32,1823.3
South Africa,2013,972.35,0,1.07,887.64,1870.8
South Africa,2014,731.28,0,1.65,671.82,1946.7
South Africa,2015,983.81,0,1.25,918.02,2577
South Africa,2016,995.83,0,1.39,938.89,2530
South Africa,2017,777.71,0,0.57,724.72,2524
South Sudan,2011,338.44,0,0.69,209.91,1777.5
South Sudan,2012,969.55,0,0.7,716.76,1823.3
South Sudan,2013,1053.47,0,1.32,783.55,1870.8
South Sudan,2014,1536.57,27.66,6.22,1262.46,1946.7
South Sudan,2015,1373.57,28.14,2.1,1152.94,2577
South Sudan,2016,1284.37,14.36,0.56,1028.84,2530
South Sudan,2017,1694.48,61.46,1.6,1418.84,2524
Sudan,2008,1807.55,-1.15,129.14,1393.98,1637.1
Sudan,2009,1966.52,-0.04,55.9,1625.23,1683.5
Sudan,2010,1503.42,0,29.26,1140.14,1741.3
Sudan,2011,1267.69,-0.09,17.52,1025.67,1777.5
Sudan,2012,832.09,0,68.8,701.84,1823.3
Sudan,2013,1068.42,0,34.13,967.08,1870.8
Sudan,2014,506.25,0,11.02,423.72,1946.7
Sudan,2015,526.09,0,175.35,445.94,2577
Sudan,2016,502.72,0,20.68,413.55,2530
Sudan,2017,370.5,0,195.41,300.46,2524
Eswatini,2008,17.79,-0.23,-0.66,15.63,1637.1
Eswatini,2009,20.38,-0.25,-0.63,15.98,1683.5
Eswatini,2010,32.37,-0.24,0.66,30.13,1741.3
Eswatini,2011,65.6,-0.23,3.52,61.43,1777.5
Eswatini,2012,56.64,-0.14,3.2,53.38,1823.3
Eswatini,2013,46.44,-0.14,1.33,42.57,1870.8
Eswatini,2014,51.23,0,0.53,46.78,1946.7
Eswatini,2015,40.12,0,-1.24,35.98,2577
Eswatini,2016,60.52,0,13.48,56.74,2530
Eswatini,2017,79.78,0,3.4,72.07,2524
Tanzania,2008,1253.27,393.55,-1.61,685.35,1637.1
Tanzania,2009,1361.18,797.9,-1.78,811.25,1683.5
Tanzania,2010,1602.37,663.19,4.36,1069.66,1741.3
Tanzania,2011,1532.45,233.03,6.62,997.56,1777.5
Tanzania,2012,1651.07,494.33,14.63,1160.11,1823.3
Tanzania,2013,1835.54,638.42,9.17,1381.82,1870.8
Tanzania,2014,1356.43,552.67,8.39,984.49,1946.7
Tanzania,2015,1442.48,588.32,0.19,1056.38,2577
Tanzania,2016,1469.36,405.54,1.28,1079.9,2530
Tanzania,2017,1427.38,501.17,1.71,1057.01,2524
Togo,2008,148.99,44.41,1.18,128.82,1637.1
Togo,2009,353.25,6.03,0.88,104.29,1683.5
Togo,2010,228,7.59,0.61,200.54,1741.3
Togo,2011,285.36,50.39,0.33,75.86,1777.5
Togo,2012,101.11,34.12,3.22,48.66,1823.3
Togo,2013,74.14,28.17,5.36,66.6,1870.8
Togo,2014,71.44,36.83,-1.13,67.92,1946.7
Togo,2015,93.51,26.34,7.26,75.87,2577
Togo,2016,60.7,23.36,0.51,53.76,2530
Togo,2017,78.71,66.42,1.83,72.71,2524
Uganda,2008,964.61,168.37,0.93,588.58,1637.1
Uganda,2009,1009.42,381.52,0.31,663.68,1683.5
Uganda,2010,981.91,311.55,0.97,664.89,1741.3
Uganda,2011,935.63,154.57,2.04,669.27,1777.5
Uganda,2012,881.33,172.58,0.71,654.83,1823.3
Uganda,2013,920.97,321.87,1.61,669.76,1870.8
Uganda,2014,974.94,148.19,0.88,741.96,1946.7
Uganda,2015,962.61,211.98,3.12,734.47,2577
Uganda,2016,1072.9,165.65,7.69,822.83,2530
Uganda,2017,1287.45,244.5,10.64,1023.36,2524
Zambia,2008,666.62,54.61,-0.94,403.7,1637.1
Zambia,2009,689.09,41.11,0.4,434.38,1683.5
Zambia,2010,588.03,32,-0.9,408.27,1741.3
Zambia,2011,656.2,65.03,4.95,461.49,1777.5
Zambia,2012,624.5,72.86,-0.4,475.26,1823.3
Zambia,2013,689.6,64.86,22.35,512.75,1870.8
Zambia,2014,723.79,71.71,-0.48,568.37,1946.7
Zambia,2015,570.63,61.37,-0.89,435.53,2577
Zambia,2016,651.9,87.91,1.41,562.47,2530
Zambia,2017,731.34,86.26,8.01,626.57,2524
Zimbabwe,2008,526.3,0,-0.28,388.06,1637.1
Zimbabwe,2009,635.15,0,0.14,462.84,1683.5
Zimbabwe,2010,496.58,0,-2.2,333.99,1741.3
Zimbabwe,2011,509.43,0,0.07,353.76,1777.5
Zimbabwe,2012,617.84,0,0.1,469.68,1823.3
Zimbabwe,2013,498.84,0,0.13,360.38,1870.8
Zimbabwe,2014,489.99,-0.19,-0.2,370.2,1946.7
Zimbabwe,2015,436.29,-0.06,-0.11,326.97,2577
Zimbabwe,2016,491.59,-1.03,2.34,410.65,2530
Zimbabwe,2017,473.55,-0.49,1.15,395.81,2524
Anguilla,2008,0.07,0,0,0.07,1637.1
Anguilla,2009,1.52,0,0,1.52,1683.5
Anguilla,2010,0.28,0,0,0.28,1741.3
Anguilla,2011,0.34,0,0,0.34,1777.5
Anguilla,2012,0.48,0,0,0.48,1823.3
Anguilla,2013,2.49,0,0,2.49,1870.8
Antigua and Barbuda,2008,0.52,0,0.6,0.42,1637.1
Antigua and Barbuda,2009,2.63,0,0,2.54,1683.5
Antigua and Barbuda,2010,5.61,0,0,5.48,1741.3
Antigua and Barbuda,2011,8.28,0,0.05,7.31,1777.5
Antigua and Barbuda,2012,1.43,0,0.03,0.96,1823.3
Antigua and Barbuda,2013,0.74,0,0.02,0.54,1870.8
Antigua and Barbuda,2014,0.71,0,0.05,0.51,1946.7
Antigua and Barbuda,2015,1.39,0,0,1.1,2577
Antigua and Barbuda,2016,4.91,0,-1.33,4.75,2530
Antigua and Barbuda,2017,2.95,0,1.1,2.34,2524
Barbados,2008,1.16,0,0.01,1,1637.1
Barbados,2009,2.89,0,0,2.83,1683.5
Barbados,2010,2.1,0,0,1.83,1741.3
Belize,2008,4.46,0,0.58,4.06,1637.1
Belize,2009,7.33,0,0.54,6.45,1683.5
Belize,2010,10.26,0,-0.68,9.32,1741.3
Belize,2011,5.34,0,-0.07,4.01,1777.5
Belize,2012,3.71,0,-1,3.46,1823.3
Belize,2013,16.96,0,0.86,15.98,1870.8
Belize,2014,6.3,0,0.51,5.35,1946.7
Belize,2015,6.13,0,-1.02,5.69,2577
Belize,2016,4.37,0,2.27,4.03,2530
Belize,2017,6.61,0,2.04,6.13,2524
Costa Rica,2008,53.71,-0.15,0.24,33.08,1637.1
Costa Rica,2009,84.37,-0.16,0.19,69.39,1683.5
Costa Rica,2010,73.85,-0.16,0.11,64.16,1741.3
Costa Rica,2011,24.41,-0.07,0.43,17.37,1777.5
Costa Rica,2012,20.57,0,0.52,17.4,1823.3
Costa Rica,2013,17,0,0.42,11.74,1870.8
Costa Rica,2014,32.49,0,0.17,28.06,1946.7
Costa Rica,2015,87.08,0,0.19,87.88,2577
Costa Rica,2016,69.05,0,0.34,67.88,2530
Costa Rica,2017,60.07,0,10.08,57.18,2524
Cuba,2008,82.3,0,4.28,30.52,1637.1
Cuba,2009,81.76,0,0.28,39.9,1683.5
Cuba,2010,81.92,0,-0.25,33.5,1741.3
Cuba,2011,53.37,0,0.52,27.45,1777.5
Cuba,2012,48.11,0,6.7,27.68,1823.3
Cuba,2013,54.87,0,4,28.09,1870.8
Cuba,2014,60.45,0,143.58,37.84,1946.7
Cuba,2015,171.27,0,406.63,22.77,2577
Cuba,2016,2348.22,0,441.12,123.66,2530
Cuba,2017,312.13,0,366.4,261.36,2524
Dominica,2008,0.6,0.39,-0.38,0.53,1637.1
Dominica,2009,4.63,0.84,1.05,4.6,1683.5
Dominica,2010,4.91,-0.06,1.58,4.63,1741.3
Dominica,2011,6.47,0.24,-0.46,5.58,1777.5
Dominica,2012,14.32,-0.13,-0.41,14,1823.3
Dominica,2013,7.75,0.72,-0.48,7.43,1870.8
Dominica,2014,9.36,0.02,-0.5,8.8,1946.7
Dominica,2015,1.7,0.72,-0.55,1.21,2577
Dominica,2016,0.93,-0.74,-0.58,0.61,2530
Dominica,2017,0.51,7.26,1.33,-1.06,2524
Dominican Republic,2008,89.94,-0.62,0,45.17,1637.1
Dominican Republic,2009,51.14,-0.64,0.05,16.85,1683.5
Dominican Republic,2010,89.9,-0.63,0.03,41.77,1741.3
Dominican Republic,2011,166.74,-0.6,0.08,118.71,1777.5
Dominican Republic,2012,182.01,-0.61,0.1,169.11,1823.3
Dominican Republic,2013,78.99,-0.61,0.06,61.33,1870.8
Dominican Republic,2014,76.26,0,0.3,66.46,1946.7
Dominican Republic,2015,247.58,0,0.11,229.07,2577
Dominican Republic,2016,124.55,0,0.11,108.74,2530
Dominican Republic,2017,79.49,0,0.62,77.62,2524
El Salvador,2008,188.34,-0.78,0.25,98,1637.1
El Salvador,2009,248.17,-0.81,0.32,114.31,1683.5
El Salvador,2010,242.58,-0.8,0.15,149.93,1741.3
El Salvador,2011,252.65,-0.76,0.28,195.2,1777.5
El Salvador,2012,217.62,-0.64,0.29,180.68,1823.3
El Salvador,2013,133.93,-0.5,0.19,84.45,1870.8
El Salvador,2014,88.08,0,0.07,51.44,1946.7
El Salvador,2015,84.65,0,0.25,60.85,2577
El Salvador,2016,113.95,0,0.05,83.29,2530
El Salvador,2017,137.09,0,0.1,93.73,2524
Grenada,2008,1.24,0.77,0.83,1.1,1637.1
Grenada,2009,3.16,2.48,4.53,3.07,1683.5
Grenada,2010,5.36,5.03,-1.8,4.89,1741.3
Grenada,2011,6.85,1.19,-0.9,5.94,1777.5
Grenada,2012,0.97,2.9,0.01,0.24,1823.3
Grenada,2013,2.89,5.11,0.08,2.22,1870.8
Grenada,2014,5.07,14.79,-0.05,4.31,1946.7
Grenada,2015,4.06,14.89,-0.33,3.76,2577
Grenada,2016,4.84,3.3,-0.61,4.76,2530
Grenada,2017,1.38,8.31,-0.54,1.18,2524
Guatemala,2008,412.87,0,0.3,131.12,1637.1
Guatemala,2009,322.02,0,0.72,146.84,1683.5
Guatemala,2010,333.62,0,0.27,174.18,1741.3
Guatemala,2011,259.46,0,0.66,145.7,1777.5
Guatemala,2012,249.35,0,0.57,168.49,1823.3
Guatemala,2013,276.46,0,0.3,207.05,1870.8
Guatemala,2014,230.82,0,0.2,160.42,1946.7
Guatemala,2015,222.15,0,0.08,154.73,2577
Guatemala,2016,238.93,0,0.44,164.7,2530
Guatemala,2017,284.15,0,0.2,231.96,2524
Haiti,2008,560.58,22.36,0.2,483.15,1637.1
Haiti,2009,709.31,45.27,0.05,569.11,1683.5
Haiti,2010,2300.06,100.68,16.86,1923.38,1741.3
Haiti,2011,1127.57,57.61,1,960.27,1777.5
Haiti,2012,796.2,78.17,0.39,703.19,1823.3
Haiti,2013,660.46,84.91,0.58,593.49,1870.8
Haiti,2014,539.13,55.49,0.93,476.74,1946.7
Haiti,2015,610.3,45.27,0.39,562.66,2577
Haiti,2016,669.77,63.55,0.66,597.74,2530
Haiti,2017,640.7,65.25,2.75,585.27,2524
Honduras,2008,334.85,47.73,0.08,195.77,1637.1
Honduras,2009,303.22,47.67,-0.42,224.58,1683.5
Honduras,2010,273.59,104.01,0.75,180.4,1741.3
Honduras,2011,147.29,119.81,1.28,103.88,1777.5
Honduras,2012,180.63,70.74,6.19,139.51,1823.3
Honduras,2013,193.25,79.49,1.95,149.52,1870.8
Honduras,2014,174.34,83.43,-1.25,130.1,1946.7
Honduras,2015,210.94,69.09,-1.04,171.86,2577
Honduras,2016,215.95,0.68,2.73,171.94,2530
Honduras,2017,222.59,-4.33,-2.09,165.45,2524
Jamaica,2008,-3.31,0,-1.35,-6.2,1637.1
Jamaica,2009,7.77,0,-1.14,-0.47,1683.5
Jamaica,2010,-2.08,0,-1.93,-5.23,1741.3
Jamaica,2011,-4.26,0,-1.95,-8.7,1777.5
Jamaica,2012,0.89,0,-1.85,-1.7,1823.3
Jamaica,2013,-13.97,0,-1.88,-17.05,1870.8
Jamaica,2014,10.64,0,-1.76,9.5,1946.7
Jamaica,2015,21.33,0,-2,20.41,2577
Jamaica,2016,17.26,0,-1.99,17.07,2530
Jamaica,2017,32.26,0,-1.43,31.73,2524
Mexico,2008,119.79,0,0.76,127.53,1637.1
Mexico,2009,178.27,0,1.27,186.11,1683.5
Mexico,2010,431.45,0,1.23,423.04,1741.3
Mexico,2011,821.47,0,1.49,827.65,1777.5
Mexico,2012,361.86,0,1.42,356.28,1823.3
Mexico,2013,569.99,0,1.09,563.16,1870.8
Mexico,2014,635.04,0,1.08,617.47,1946.7
Mexico,2015,256.69,0,1.23,242.61,2577
Mexico,2016,659.68,0,2.27,653.44,2530
Mexico,2017,692.78,0,1.73,682.57,2524
Montserrat,2008,26.58,0,0,26.58,1637.1
Montserrat,2009,36.32,0,0,36.31,1683.5
Montserrat,2010,15.52,0,0,15.52,1741.3
Montserrat,2011,39.32,0,0,39.32,1777.5
Montserrat,2012,29.68,0,0,29.68,1823.3
Montserrat,2013,42.77,0,0,42.77,1870.8
Montserrat,2014,27.34,0,0,27.34,1946.7
Montserrat,2015,44.4,0,0,44.39,2577
Montserrat,2016,37.49,0,0,37.49,2530
Montserrat,2017,35.4,0,0,35.4,2524
Nicaragua,2008,503.59,26.4,0.04,208.2,1637.1
Nicaragua,2009,451.33,67.28,0.06,167.03,1683.5
Nicaragua,2010,362.7,42.55,0.04,129.24,1741.3
Nicaragua,2011,297.17,45.31,59.3,116.71,1777.5
Nicaragua,2012,225.7,50.87,7.73,124.92,1823.3
Nicaragua,2013,163.93,55.65,25.21,86.38,1870.8
Nicaragua,2014,145.94,43.61,13.45,67.57,1946.7
Nicaragua,2015,154.56,62.22,5.22,88.26,2577
Nicaragua,2016,179.97,49.85,15.04,90.81,2530
Nicaragua,2017,181.77,67.15,14.8,89.63,2524
Panama,2008,27.16,0,0.19,21.16,1637.1
Panama,2009,53.71,0,0.18,49.08,1683.5
Panama,2010,99.33,0,0.21,92.56,1741.3
Panama,2011,71.44,0,0.25,64.68,1777.5
Panama,2012,36.33,0,0.15,34.75,1823.3
Panama,2013,8.48,0,0.18,3.24,1870.8
Panama,2014,-2.09,0,0.1,-2.22,1946.7
Panama,2015,-4.3,0,0.32,-0.95,2577
Panama,2016,-1.04,0,0.34,1.66,2530
Panama,2017,9.95,0,0.08,14.06,2524
Saint Kitts and Nevis,2008,28.44,-0.07,-1.21,28.43,1637.1
Saint Kitts and Nevis,2009,1.47,-0.04,-0.93,1.43,1683.5
Saint Kitts and Nevis,2010,-0.13,-0.04,-0.81,-0.43,1741.3
Saint Kitts and Nevis,2011,1.03,-0.06,-0.56,0.21,1777.5
Saint Kitts and Nevis,2012,2.61,-0.08,0.02,2.34,1823.3
Saint Kitts and Nevis,2013,0.67,-0.08,0,0.34,1870.8
Saint Lucia,2008,-0.09,0.99,-0.44,-0.18,1637.1
Saint Lucia,2009,5.89,0.4,-0.31,5.7,1683.5
Saint Lucia,2010,1.09,9.79,-1.1,0.09,1741.3
Saint Lucia,2011,1.91,4.3,4.26,0.22,1777.5
Saint Lucia,2012,0.99,0,0.9,0.52,1823.3
Saint Lucia,2013,1.63,8.05,0.39,1.23,1870.8
Saint Lucia,2014,2.75,4.09,-0.48,1.96,1946.7
Saint Lucia,2015,4.1,2.37,-1.01,3.57,2577
Saint Lucia,2016,5.88,2.59,-1.16,5.56,2530
Saint Lucia,2017,4.74,3.36,-1.13,4.46,2524
Saint Vincent and the Grenadines,2008,9.06,0.7,-0.97,8.83,1637.1
Saint Vincent and the Grenadines,2009,4.54,0.86,-0.75,4.29,1683.5
Saint Vincent and the Grenadines,2010,0.94,1.19,-0.68,0.22,1741.3
Saint Vincent and the Grenadines,2011,0.66,0.42,-0.65,-0.46,1777.5
Saint Vincent and the Grenadines,2012,0.01,1.05,-0.5,-0.42,1823.3
Saint Vincent and the Grenadines,2013,-0.23,4.09,-0.42,-0.58,1870.8
Saint Vincent and the Grenadines,2014,0.44,2.61,-0.21,-0.31,1946.7
Saint Vincent and the Grenadines,2015,3.62,1.28,-0.26,3.18,2577
Saint Vincent and the Grenadines,2016,3.14,1.23,0.08,2.86,2530
Saint Vincent and the Grenadines,2017,4.05,0.22,1.17,1.73,2524
Trinidad and Tobago,2008,3.43,0,0.1,3.3,1637.1
Trinidad and Tobago,2009,4.28,0,0.04,4.02,1683.5
Trinidad and Tobago,2010,3.49,0,0,2.82,1741.3
Argentina,2008,77,0,0.02,49.46,1637.1
Argentina,2009,69.76,0,1.6,45.9,1683.5
Argentina,2010,94.32,0,-0.46,70.94,1741.3
Argentina,2011,54.72,0,0.81,53.78,1777.5
Argentina,2012,55.8,0,2.03,53.86,1823.3
Argentina,2013,24.96,0,0.56,37.14,1870.8
Argentina,2014,37.95,0,3.37,37.28,1946.7
Argentina,2015,-19.78,0,6.25,65.16,2577
Argentina,2016,-10.53,0,8.38,5.27,2530
Argentina,2017,-21.69,0,10.79,-9.48,2524
Bolivia,2008,470.56,23.12,0.28,260.98,1637.1
Bolivia,2009,460.03,31.15,0.11,223.51,1683.5
Bolivia,2010,401.63,42.08,0.09,183.23,1741.3
Bolivia,2011,376.42,38.26,0.07,168.16,1777.5
Bolivia,2012,305.43,43.5,0.14,132.93,1823.3
Bolivia,2013,244.01,49.57,0.04,103,1870.8
Bolivia,2014,260.57,27.88,0.24,117.16,1946.7
Bolivia,2015,210.65,161.51,0.01,75.18,2577
Bolivia,2016,208.47,57.46,0.02,71.72,2530
Bolivia,2017,341.62,18.37,0.08,193.04,2524
Brazil,2008,336.54,0,1.51,283.25,1637.1
Brazil,2009,286.33,0,1.81,185.7,1683.5
Brazil,2010,383.15,0,1.68,303.72,1741.3
Brazil,2011,539.26,0,1.7,444.97,1777.5
Brazil,2012,989.77,0,1.73,802.47,1823.3
Brazil,2013,837.05,0,2.14,327.66,1870.8
Brazil,2014,789.52,0,1.64,661.95,1946.7
Brazil,2015,701.79,0,2.07,522.73,2577
Brazil,2016,605.34,0,2.21,468.14,2530
Brazil,2017,313.45,0,0.62,238.4,2524
Chile,2008,73.83,-0.64,1.12,35.38,1637.1
Chile,2009,53.8,-0.66,0.65,29.02,1683.5
Chile,2010,146.65,-0.66,2.21,109.39,1741.3
Chile,2011,52.51,-0.31,0.52,49.57,1777.5
Chile,2012,95.62,0,0.42,64.98,1823.3
Chile,2013,51.42,0,0.5,39.62,1870.8
Chile,2014,166.97,0,0.29,162.65,1946.7
Chile,2015,32.71,0,0.35,26.14,2577
Chile,2016,164.45,0,0.41,161.35,2530
Chile,2017,47.79,0,6.17,40.17,2524
Colombia,2008,953.79,-0.66,0.69,801.29,1637.1
Colombia,2009,1051.63,-0.68,0.97,828.52,1683.5
Colombia,2010,556.09,-0.68,1.86,413.98,1741.3
Colombia,2011,912.03,-0.32,0.95,774.28,1777.5
Colombia,2012,684.51,0,1.11,581.85,1823.3
Colombia,2013,731.17,0,0.87,591.67,1870.8
Colombia,2014,1047.84,0,0.84,939.32,1946.7
Colombia,2015,1315.99,0,0.74,1217.67,2577
Colombia,2016,1013.13,0,1.3,866.42,2530
Colombia,2017,738.56,0,11.12,544.28,2524
Ecuador,2008,181.58,-1.05,0.28,71.19,1637.1
Ecuador,2009,145.92,-1.09,0.37,74.03,1683.5
Ecuador,2010,120.96,-1.08,0.43,48.27,1741.3
Ecuador,2011,121.56,-1.02,0.79,67.43,1777.5
Ecuador,2012,115.31,-1.04,0.73,56.45,1823.3
Ecuador,2013,118.56,-1.03,0.26,70.85,1870.8
Ecuador,2014,131.99,0,0.23,95.84,1946.7
Ecuador,2015,163.78,0,0.2,138.83,2577
Ecuador,2016,191.45,0,1.65,144.58,2530
Ecuador,2017,138.55,0,0.18,90.79,2524
Guyana,2008,43.72,5.24,0.01,43.4,1637.1
Guyana,2009,42.99,7.93,0,42.11,1683.5
Guyana,2010,59.67,2.75,0.02,34.96,1741.3
Guyana,2011,58.48,0.7,0.04,29.39,1777.5
Guyana,2012,29.27,0.9,0.18,28.55,1823.3
Guyana,2013,14.02,1.66,0.2,13.6,1870.8
Guyana,2014,87.17,2,0.42,16.52,1946.7
Guyana,2015,17.73,7.04,0.01,11.5,2577
Guyana,2016,14.57,5.47,0.01,10.32,2530
Guyana,2017,14.57,8.75,0.02,9.74,2524
Paraguay,2008,98.77,-1.39,0.06,71,1637.1
Paraguay,2009,112.65,-1.44,0.11,70.38,1683.5
Paraguay,2010,69.38,-1.43,0.1,33.85,1741.3
Paraguay,2011,46.64,-1.35,0.21,23.09,1777.5
Paraguay,2012,42.54,-1.18,0.15,24.29,1823.3
Paraguay,2013,26.69,-1.11,0.09,9.32,1870.8
Paraguay,2014,19.44,0,0.14,5.61,1946.7
Paraguay,2015,34.36,0,0.1,16.47,2577
Paraguay,2016,29.54,0,0.2,14.21,2530
Paraguay,2017,42.39,0,0.04,17.54,2524
Peru,2008,367.82,0,1.3,196.77,1637.1
Peru,2009,335.43,0,1.24,195.81,1683.5
Peru,2010,-220.31,0,1.11,-381.25,1741.3
Peru,2011,495.05,0,0.62,391.64,1777.5
Peru,2012,318.9,0,0.67,235.66,1823.3
Peru,2013,282.01,0,0.61,185.83,1870.8
Peru,2014,257.31,0,0.4,193.82,1946.7
Peru,2015,298.47,0,0.36,223.67,2577
Peru,2016,254.28,0,0.33,168.34,2530
Peru,2017,-155.89,0,4.3,-234.69,2524
Suriname,2008,62.18,0,0.02,4.18,1637.1
Suriname,2009,107.84,0,0,6.02,1683.5
Suriname,2010,71.98,0,0,1.02,1741.3
Suriname,2011,56.86,0,0.01,13.43,1777.5
Suriname,2012,20.84,0,0.02,13.33,1823.3
Suriname,2013,16.95,0,0.07,12.56,1870.8
Suriname,2014,8.62,0,0.06,2.08,1946.7
Suriname,2015,9.66,0,0.03,2.16,2577
Suriname,2016,7.04,0,0,0.96,2530
Suriname,2017,4.18,0,0.05,1.44,2524
Uruguay,2008,10.93,0,1.19,2.51,1637.1
Uruguay,2009,28.16,0,0.75,17.07,1683.5
Uruguay,2010,28.59,0,0.95,20.36,1741.3
Uruguay,2011,0.75,0,0.96,-4.74,1777.5
Uruguay,2012,4.81,0,0.88,2.81,1823.3
Uruguay,2013,18.4,0,0.76,16.04,1870.8
Uruguay,2014,67.08,0,0.89,65.14,1946.7
Uruguay,2015,7.27,0,0.83,6.47,2577
Uruguay,2016,5.52,0,0.68,4.63,2530
Uruguay,2017,31.69,0,0.02,30.7,2524
Venezuela,2008,42.36,0,0.33,28.27,1637.1
Venezuela,2009,43.97,0,0.24,32.01,1683.5
Venezuela,2010,35.41,0,0.59,26.44,1741.3
Venezuela,2011,29.36,0,0.32,27.56,1777.5
Venezuela,2012,29.2,0,0.26,26.62,1823.3
Venezuela,2013,23.41,0,0.14,24.86,1870.8
Venezuela,2014,24.89,0,0.22,23.54,1946.7
Venezuela,2015,23.92,0,0.19,26.91,2577
Venezuela,2016,32.38,0,0.26,25.1,2530
Venezuela,2017,74.37,0,0.25,30.48,2524
Cambodia,2008,442.49,31.09,3.02,281.4,1637.1
Cambodia,2009,458.67,28.48,5.37,285.46,1683.5
Cambodia,2010,483.01,31.37,2.1,306.01,1741.3
Cambodia,2011,432.12,31.16,7.88,230.37,1777.5
Cambodia,2012,548.4,33.85,2.64,331.53,1823.3
Cambodia,2013,487.45,21.04,2.27,285.79,1870.8
Cambodia,2014,509.17,26,4.1,304.99,1946.7
Cambodia,2015,488.55,-9.18,3.83,304.28,2577
Cambodia,2016,484.65,-7.28,4.51,301.72,2530
Cambodia,2017,595.85,0.67,10.6,405.05,2524
China (People's Republic of),2008,1241.95,-414.86,53.43,1049.47,1637.1
China (People's Republic of),2009,1077.36,-318.41,-7.92,901.48,1683.5
China (People's Republic of),2010,733.64,-334.4,5.99,598.85,1741.3
China (People's Republic of),2011,566.21,-1388.54,-10.67,487.33,1777.5
China (People's Republic of),2012,264.69,-662.63,-7.28,130.88,1823.3
China (People's Republic of),2013,-187.68,-693.15,6.29,-245.35,1870.8
China (People's Republic of),2014,-383.22,-729.34,7.98,-425.29,1946.7
China (People's Republic of),2015,-92.37,-489.41,-10.44,-93.67,2577
China (People's Republic of),2016,-164.85,-810.59,14.45,-167.69,2530
China (People's Republic of),2017,-440.36,-760.86,8.28,-411.79,2524
Democratic People's Republic of Korea,2008,196.96,0,-0.81,171.28,1637.1
Democratic People's Republic of Korea,2009,47.77,0,-0.65,22.86,1683.5
Democratic People's Republic of Korea,2010,27.8,0,5.01,9.93,1741.3
Democratic People's Republic of Korea,2011,34.38,0,22.54,8.75,1777.5
Democratic People's Republic of Korea,2012,35.75,0,16.28,14.75,1823.3
Democratic People's Republic of Korea,2013,26.76,0,24.01,8.93,1870.8
Democratic People's Republic of Korea,2014,39.43,0,53.41,21.49,1946.7
Democratic People's Republic of Korea,2015,32.38,0,70.29,10.61,2577
Democratic People's Republic of Korea,2016,26.13,0,69.52,8.48,2530
Democratic People's Republic of Korea,2017,19.38,0,62.18,6.12,2524
Indonesia,2008,607.64,386.64,1.97,127.73,1637.1
Indonesia,2009,458.02,207.08,-1.13,-85.44,1683.5
Indonesia,2010,931.7,105.23,-3.8,492.89,1741.3
Indonesia,2011,184.11,-27.25,-3.64,-256.07,1777.5
Indonesia,2012,21.01,-72.63,-3.45,-536.37,1823.3
Indonesia,2013,-8.21,-98.47,-1.7,-538.27,1870.8
Indonesia,2014,-346.86,-80.57,-1.03,-807.99,1946.7
Indonesia,2015,-31.1,-93.2,-3.59,-509.48,2577
Indonesia,2016,35.7,-124.05,0.17,-350.77,2530
Indonesia,2017,117.16,-126.97,-0.55,-190.13,2524
Lao People's Democratic Republic,2008,212.66,36.68,114.52,113.97,1637.1
Lao People's Democratic Republic,2009,252.27,29.46,19.7,128.88,1683.5
Lao People's Democratic Republic,2010,260.05,35.07,21.13,148.11,1741.3
Lao People's Democratic Republic,2011,232.2,25.25,15.78,90.74,1777.5
Lao People's Democratic Republic,2012,244.04,44.13,12.96,120.69,1823.3
Lao People's Democratic Republic,2013,242.91,39.91,31.99,118.77,1870.8
Lao People's Democratic Republic,2014,289.87,13.35,51.42,159.76,1946.7
Lao People's Democratic Republic,2015,365.61,16.45,43.81,181.04,2577
Lao People's Democratic Republic,2016,252.32,32.94,46.6,131.38,2530
Lao People's Democratic Republic,2017,291.48,78.62,40.37,152.83,2524
Malaysia,2008,136.65,0,0.13,127.8,1637.1
Malaysia,2009,117.83,0,0.06,108.3,1683.5
Malaysia,2010,-2.38,0,0.21,-10.34,1741.3
Malaysia,2011,25.68,0,0.31,18.34,1777.5
Malaysia,2012,8.96,0,0.91,21.86,1823.3
Malaysia,2013,-120.08,0,0.49,-123.89,1870.8
Malaysia,2014,-10.32,0,10.65,-13.98,1946.7
Malaysia,2015,-20.46,0,1.48,-24.62,2577
Malaysia,2016,-60.16,0,0.71,-63.78,2530
Malaysia,2017,-47.56,0,1.41,-50.35,2524
Mongolia,2008,179.69,16,3.6,128.18,1637.1
Mongolia,2009,212.71,60.33,13.15,130.37,1683.5
Mongolia,2010,219.04,27.3,4.21,134.06,1741.3
Mongolia,2011,233.13,49.6,0.9,160.68,1777.5
Mongolia,2012,331.86,21.59,9.34,255,1823.3
Mongolia,2013,344.17,5.14,2.07,274.8,1870.8
Mongolia,2014,212.87,7.44,18.55,141.09,1946.7
Mongolia,2015,206.45,4.28,2.06,130.89,2577
Mongolia,2016,287.74,2.08,0.88,206.43,2530
Mongolia,2017,590.57,129.58,4.04,530.52,2524
Philippines,2008,36.8,-19.52,-0.82,-139.14,1637.1
Philippines,2009,281.78,-6.79,-0.04,141.22,1683.5
Philippines,2010,450.61,-6.62,-0.65,262.07,1741.3
Philippines,2011,-98.27,-7.3,-0.57,-271.84,1777.5
Philippines,2012,49.11,-8.61,0.24,-150.93,1823.3
Philippines,2013,194.87,-9.39,6.39,-58.71,1870.8
Philippines,2014,585.67,-6.91,8.09,355.11,1946.7
Philippines,2015,555.95,-7.04,-0.05,385.75,2577
Philippines,2016,290.27,-10.54,4.02,147.49,2530
Philippines,2017,163.28,-13.86,1.6,45.44,2524
Thailand,2008,-624.89,-3.15,2.31,-651.75,1637.1
Thailand,2009,-62.66,-3.26,1,-92.65,1683.5
Thailand,2010,-64.12,-3.23,0.89,-88.44,1741.3
Thailand,2011,-133.99,-50.28,0.35,-163.64,1777.5
Thailand,2012,-136.46,0,0.39,-165.51,1823.3
Thailand,2013,-86.29,0,0.57,-107.63,1870.8
Thailand,2014,263.96,0,0.96,242.48,1946.7
Thailand,2015,-5.44,0,1.54,-24.1,2577
Thailand,2016,166.75,0,0.98,160.38,2530
Thailand,2017,192.23,0,2.24,175.75,2524
Timor-Leste,2008,225.98,4.47,0.07,71.16,1637.1
Timor-Leste,2009,187.02,3.68,0.16,50.21,1683.5
Timor-Leste,2010,240.2,4.21,0.47,63.13,1741.3
Timor-Leste,2011,207.87,1.5,0.25,67.86,1777.5
Timor-Leste,2012,179.13,8.48,0.21,45.61,1823.3
Timor-Leste,2013,174.42,3.84,0.08,49.72,1870.8
Timor-Leste,2014,168.11,4.53,0.26,54.81,1946.7
Timor-Leste,2015,157.46,11.31,0.23,47.67,2577
Timor-Leste,2016,165.99,14.67,0.06,64.34,2530
Timor-Leste,2017,163.53,10.37,0.16,54.2,2524
Viet Nam,2008,1509.31,523.07,0.95,1019.75,1637.1
Viet Nam,2009,1849.51,1127.22,3.57,1423.02,1683.5
Viet Nam,2010,1621.15,812.51,2.61,1155.88,1741.3
Viet Nam,2011,1697.62,890.92,7.43,1209.36,1777.5
Viet Nam,2012,2154.69,1013.7,9.9,1618.15,1823.3
Viet Nam,2013,2175.74,1088.57,6.92,1631.31,1870.8
Viet Nam,2014,2297.52,1149.12,8.27,1858.1,1946.7
Viet Nam,2015,1932.27,805.54,5.27,1506.37,2577
Viet Nam,2016,1859.13,632.41,6.65,1498.71,2530
Viet Nam,2017,1540.21,573.58,20.12,1225.91,2524
Afghanistan,2008,4093.16,154.79,120.76,3443.97,1637.1
Afghanistan,2009,5368.48,289.42,126.5,4609.92,1683.5
Afghanistan,2010,5618.78,135.26,110.45,4893.85,1741.3
Afghanistan,2011,5734.33,137.45,148.29,5054.76,1777.5
Afghanistan,2012,5368.81,157.55,220.82,4635.76,1823.3
Afghanistan,2013,4065.69,167.48,134.16,3431.17,1870.8
Afghanistan,2014,3858.33,150.01,143.76,3252.36,1946.7
Afghanistan,2015,3641.24,126.79,152.09,3082.41,2577
Afghanistan,2016,3200.83,75.33,109.78,2692.1,2530
Afghanistan,2017,2830.55,149.57,77.8,2352.31,2524
Armenia,2008,211,64.22,0.98,196.35,1637.1
Armenia,2009,224.18,124.04,1.32,205.94,1683.5
Armenia,2010,198.92,19.4,1.91,183.92,1741.3
Armenia,2011,182.32,28.09,5.61,164.83,1777.5
Armenia,2012,104.73,43.27,6.33,91.03,1823.3
Armenia,2013,94.43,34.03,4.95,80.95,1870.8
Armenia,2014,92.14,-3.4,6.82,78.29,1946.7
Armenia,2015,66.97,-7.77,43.69,52.36,2577
Armenia,2016,147.46,-9.16,50.39,133.59,2530
Armenia,2017,145.59,-27.66,15.33,132.89,2524
Azerbaijan,2008,119.08,37.94,31.42,94.49,1637.1
Azerbaijan,2009,122.88,34.84,30.42,108.86,1683.5
Azerbaijan,2010,67.26,34.36,15.68,53.32,1741.3
Azerbaijan,2011,147.99,42.16,19.01,125.71,1777.5
Azerbaijan,2012,175.4,24.43,13.27,158.57,1823.3
Azerbaijan,2013,97.16,-212.03,18.87,77.37,1870.8
Azerbaijan,2014,137.42,7.63,22.29,115.12,1946.7
Azerbaijan,2015,64.15,-29.57,0.55,52.04,2577
Azerbaijan,2016,73.63,-37.36,6.78,53.09,2530
Azerbaijan,2017,67.84,9.86,5.21,46.08,2524
Bangladesh,2008,749.29,582.06,22.51,489.43,1637.1
Bangladesh,2009,697.61,101,8.36,435.91,1683.5
Bangladesh,2010,836.09,104.76,-3.16,499.99,1741.3
Bangladesh,2011,964.26,95.49,-3.46,620.12,1777.5
Bangladesh,2012,1151.94,405.37,-7.32,806,1823.3
Bangladesh,2013,1305.49,363.92,-5.03,1006.98,1870.8
Bangladesh,2014,1263.76,503.53,-7.65,943.43,1946.7
Bangladesh,2015,1217.62,767.4,-1.14,971.86,2577
Bangladesh,2016,1217.18,766.2,58.52,1016.02,2530
Bangladesh,2017,2224.79,1050.86,25.13,1953.34,2524
Bhutan,2008,44.95,9.73,0.28,19.79,1637.1
Bhutan,2009,49.77,30.03,0.93,20.77,1683.5
Bhutan,2010,64.22,6.88,0.69,35.06,1741.3
Bhutan,2011,57.68,30.86,0.38,27.8,1777.5
Bhutan,2012,64.2,34.16,0.96,31.56,1823.3
Bhutan,2013,52.52,1.68,1.24,18.11,1870.8
Bhutan,2014,44.03,4.16,0.88,17.52,1946.7
Bhutan,2015,38.98,21.56,0.95,20.77,2577
Bhutan,2016,30.53,-0.38,1.11,20.19,2530
Bhutan,2017,42.37,29.68,1.65,29.04,2524
Georgia,2008,620.7,104.69,16.5,548.23,1637.1
Georgia,2009,476,150.62,21.33,410.26,1683.5
Georgia,2010,377,50.96,14.61,321.75,1741.3
Georgia,2011,311.18,33.51,6.55,259.95,1777.5
Georgia,2012,347.81,68.73,10.1,298.89,1823.3
Georgia,2013,310.67,47.15,7.9,262.94,1870.8
Georgia,2014,254.91,18.52,4.64,208.06,1946.7
Georgia,2015,210.75,-16.93,3.76,163.03,2577
Georgia,2016,180,-30.96,5.45,132.67,2530
Georgia,2017,191.52,-48.41,5.71,139.05,2524
India,2008,1371.9,75.57,4.1,1249.36,1637.1
India,2009,1428.02,455,2.14,1313.4,1683.5
India,2010,1954.81,221.51,1.28,1852.36,1741.3
India,2011,1705.13,727.39,1.3,1607.63,1777.5
India,2012,1250.27,-228.91,1.77,1151.31,1823.3
India,2013,1649.3,-30.04,1.56,1564.17,1870.8
India,2014,1709.45,531.68,4.9,1638.99,1946.7
India,2015,2182.88,259.78,3.33,2112.07,2577
India,2016,1642.52,272.75,6.63,1583.87,2530
India,2017,2569.84,-205.44,4.48,2504.36,2524
Kazakhstan,2008,249.21,0,45.12,239.11,1637.1
Kazakhstan,2009,182.16,0,69.88,166.37,1683.5
Kazakhstan,2010,107.98,0,48.27,94.7,1741.3
Kazakhstan,2011,25.39,0,109.65,19.15,1777.5
Kazakhstan,2012,39.12,0,38.1,33.31,1823.3
Kazakhstan,2013,13.51,0,29.34,8.67,1870.8
Kazakhstan,2014,18.36,0,31.84,14.57,1946.7
Kazakhstan,2015,5.92,0,21.89,9.13,2577
Kazakhstan,2016,6.07,0,29.08,2.46,2530
Kazakhstan,2017,7.6,0,20.3,3.63,2524
Kyrgyzstan,2008,147.81,26.1,37.29,115.53,1637.1
Kyrgyzstan,2009,142.29,23.79,51.02,105.46,1683.5
Kyrgyzstan,2010,159.8,42.59,58.05,116.62,1741.3
Kyrgyzstan,2011,164.71,63.98,62.25,133.8,1777.5
Kyrgyzstan,2012,133.19,49.5,102.91,103.43,1823.3
Kyrgyzstan,2013,151.71,55.72,149.11,122.18,1870.8
Kyrgyzstan,2014,170.24,36.68,232.11,136,1946.7
Kyrgyzstan,2015,177.89,23.7,462.91,138.1,2577
Kyrgyzstan,2016,122.84,26.37,267.19,87.2,2530
Kyrgyzstan,2017,158.54,17.71,149.07,117.68,2524
Maldives,2008,18.99,2.83,27.49,9.77,1637.1
Maldives,2009,16.02,4.28,-1.33,15.87,1683.5
Maldives,2010,47.53,14.98,4.77,31.36,1741.3
Maldives,2011,17.47,4.11,4.91,4.81,1777.5
Maldives,2012,14.45,5.16,5.03,7.54,1823.3
Maldives,2013,12.08,4.08,-0.74,5.4,1870.8
Maldives,2014,14.87,1.63,-1.84,10,1946.7
Maldives,2015,17.27,4.95,-1.68,13.46,2577
Maldives,2016,13.73,1.91,-1.22,10.42,2530
Maldives,2017,7.72,5.72,7.56,6.56,2524
Myanmar,2008,397.68,0,8.87,233.15,1637.1
Myanmar,2009,226.61,0,5.75,143.76,1683.5
Myanmar,2010,230.47,0,-27.99,133.82,1741.3
Myanmar,2011,237.6,0,-3.31,141.43,1777.5
Myanmar,2012,288.6,0,-4.66,166.6,1823.3
Myanmar,2013,3233.99,68.11,-2.01,3033.96,1870.8
Myanmar,2014,1047.33,12.63,-1.53,723.59,1946.7
Myanmar,2015,896.44,70.86,6.94,692.35,2577
Myanmar,2016,1060.31,130.66,13.06,825.98,2530
Myanmar,2017,1061.54,204.11,12.83,744.95,2524
Nepal,2008,405.3,59.09,0.04,263.2,1637.1
Nepal,2009,485.6,112.1,0.43,274.95,1683.5
Nepal,2010,444.27,124.88,1.34,267.93,1741.3
Nepal,2011,430.76,136.49,0.44,254.78,1777.5
Nepal,2012,465.21,133.66,0.82,274.88,1823.3
Nepal,2013,449.61,174.35,0.3,283.74,1870.8
Nepal,2014,481.42,155.15,0.43,317.58,1946.7
Nepal,2015,665.59,277.04,10.48,411.37,2577
Nepal,2016,574.22,191.8,2.38,411.69,2530
Nepal,2017,631.4,250.56,2.66,474.45,2524
Pakistan,2008,895.65,-8.26,82.5,776.13,1637.1
Pakistan,2009,1361.27,954.75,205.07,1164.63,1683.5
Pakistan,2010,2449.54,195.89,157.07,2040.55,1741.3
Pakistan,2011,2493.8,631.51,217.48,2288.85,1777.5
Pakistan,2012,1485.8,323.41,113.49,1312.77,1823.3
Pakistan,2013,1631.38,168.63,173.42,1450.88,1870.8
Pakistan,2014,1655.39,1111.1,104.98,1486.45,1946.7
Pakistan,2015,1657.78,1482.54,129.26,1523.62,2577
Pakistan,2016,1717.67,630.78,44.84,1622.56,2530
Pakistan,2017,1279.49,440.07,50.76,1190.99,2524
Sri Lanka,2008,384.62,80.72,6.62,216.72,1637.1
Sri Lanka,2009,361.84,134.59,7.27,163.62,1683.5
Sri Lanka,2010,350.07,89.84,3.01,192.68,1741.3
Sri Lanka,2011,316.37,122.26,6.42,177.73,1777.5
Sri Lanka,2012,292.31,87.6,-1.11,168.77,1823.3
Sri Lanka,2013,251.18,84.74,-2.8,152.81,1870.8
Sri Lanka,2014,267.82,100.31,1.08,148.91,1946.7
Sri Lanka,2015,148.64,83.01,8.14,71.2,2577
Sri Lanka,2016,78.33,166.09,6.68,14.89,2530
Sri Lanka,2017,107.65,116.43,7.06,54.02,2524
Tajikistan,2008,144.75,26.63,10.67,112.36,1637.1
Tajikistan,2009,138.1,44.82,8.81,102.64,1683.5
Tajikistan,2010,154.66,58.68,5.03,127.63,1741.3
Tajikistan,2011,136.79,24.27,8.96,114.79,1777.5
Tajikistan,2012,148.13,8.14,20.1,119.74,1823.3
Tajikistan,2013,138.57,38.91,20.39,103.8,1870.8
Tajikistan,2014,165.81,16.37,23.48,120.39,1946.7
Tajikistan,2015,136.81,21.23,35.82,100.78,2577
Tajikistan,2016,116.85,28.39,40.5,92.4,2530
Tajikistan,2017,112.38,26.62,22.3,87.44,2524
Turkmenistan,2008,-1.65,0,8.27,-3.03,1637.1
Turkmenistan,2009,15.03,0,10.46,13.49,1683.5
Turkmenistan,2010,13.92,0,12.07,11.81,1741.3
Turkmenistan,2011,13.2,0,10.26,11.78,1777.5
Turkmenistan,2012,14.25,0,11.02,12.36,1823.3
Turkmenistan,2013,9.55,0,11.86,9.19,1870.8
Turkmenistan,2014,10.09,0,9.89,10.01,1946.7
Turkmenistan,2015,6.6,0,4.99,5.97,2577
Turkmenistan,2016,4.84,0,13.25,4.51,2530
Turkmenistan,2017,5.37,0,11.78,4.7,2524
Uzbekistan,2008,108.55,12.06,11.78,94.58,1637.1
Uzbekistan,2009,73.35,26.76,21.24,61.53,1683.5
Uzbekistan,2010,88.4,30.7,34.36,49.04,1741.3
Uzbekistan,2011,50.59,32.85,11.32,22.68,1777.5
Uzbekistan,2012,70.88,44.57,6.71,46.8,1823.3
Uzbekistan,2013,101.19,66.85,3.35,86.51,1870.8
Uzbekistan,2014,94.1,68.35,2.7,75.36,1946.7
Uzbekistan,2015,183.48,109.34,3.56,162.95,2577
Uzbekistan,2016,223.51,106.07,10.58,190.6,2530
Uzbekistan,2017,335.85,69.04,3.08,274.2,2524
Iran,2008,56.48,0,11.24,42.23,1637.1
Iran,2009,60.89,0,12,45.29,1683.5
Iran,2010,69.56,0,12.04,52.58,1741.3
Iran,2011,65.24,0,8.39,54.09,1777.5
Iran,2012,98.35,0,9.55,83.27,1823.3
Iran,2013,85.08,0,9.76,70.56,1870.8
Iran,2014,39.17,0,7,23.75,1946.7
Iran,2015,94.23,0,1.84,77.4,2577
Iran,2016,79.44,0,2.28,61.88,2530
Iran,2017,108.9,0,4.54,90.37,2524
Iraq,2008,9421.98,11.46,41.17,8053.04,1637.1
Iraq,2009,2939.31,30.83,42.66,2801.45,1683.5
Iraq,2010,2146.92,57.16,29.97,2010.38,1741.3
Iraq,2011,1815.83,37.98,23.97,1727.33,1777.5
Iraq,2012,1044.99,54.58,18.83,953.53,1823.3
Iraq,2013,1284.18,57.51,23.99,1212.45,1870.8
Iraq,2014,1077.38,66.73,51.97,929.89,1946.7
Iraq,2015,1242.01,28.34,110.32,1072.69,2577
Iraq,2016,1899.18,0.89,175.75,1653.19,2530
Iraq,2017,2278.87,-11.55,418.2,2048.08,2524
Jordan,2008,480.69,-2.37,55.64,442.22,1637.1
Jordan,2009,535.58,-2.48,48.05,511.88,1683.5
Jordan,2010,463.1,-2.44,109.29,428.36,1741.3
Jordan,2011,525.18,-2.28,230.96,472.39,1777.5
Jordan,2012,867.67,-2.31,50.08,818.11,1823.3
Jordan,2013,754.34,-2.29,212.09,697.05,1870.8
Jordan,2014,1513.86,0,765.19,1431.96,1946.7
Jordan,2015,1518.56,0,334.28,1388.76,2577
Jordan,2016,1862.15,49.21,516.9,1721.91,2530
Jordan,2017,1878.13,8.39,613.55,1728.16,2524
Lebanon,2008,699.6,0,111.78,610.9,1637.1
Lebanon,2009,380.33,0,46.02,319.3,1683.5
Lebanon,2010,257.61,0,48.57,207.15,1741.3
Lebanon,2011,245.52,0,26.6,197.17,1777.5
Lebanon,2012,536.47,0,6.02,495.28,1823.3
Lebanon,2013,306.09,0,12.94,245.18,1870.8
Lebanon,2014,449.24,0,-2.96,370.38,1946.7
Lebanon,2015,719.22,0,-2.26,578.66,2577
Lebanon,2016,872.39,0,7.48,684.04,2530
Lebanon,2017,847.67,25.47,28.36,673.19,2524
Oman,2008,3.86,0,58.57,3.51,1637.1
Oman,2009,8.73,0,185.84,8.43,1683.5
Oman,2010,7.49,0,-27.41,7.14,1741.3
Syrian Arab Republic,2008,49.54,-1.36,-14.79,30.03,1637.1
Syrian Arab Republic,2009,63.7,-1.41,42.91,42.38,1683.5
Syrian Arab Republic,2010,49.84,-1.4,-33.4,31.45,1741.3
Syrian Arab Republic,2011,76.11,-0.79,94.72,54.39,1777.5
Syrian Arab Republic,2012,477,0,767.55,359.22,1823.3
Syrian Arab Republic,2013,1651.69,0,1214.55,1355.12,1870.8
Syrian Arab Republic,2014,1494.95,0,1850.32,1223.99,1946.7
Syrian Arab Republic,2015,1821.83,0,2534.04,1490.27,2577
Syrian Arab Republic,2016,2512.62,0,5577.94,2095.34,2530
Syrian Arab Republic,2017,2566.28,0,7381.68,2117.17,2524
West Bank and Gaza Strip,2008,1309.47,0,155.18,877.87,1637.1
West Bank and Gaza Strip,2009,1780.35,0,262.28,1345.86,1683.5
West Bank and Gaza Strip,2010,1622.77,0,111.64,1206.99,1741.3
West Bank and Gaza Strip,2011,1460.49,0,74.37,1077.83,1777.5
West Bank and Gaza Strip,2012,1004.32,0,175.84,669.59,1823.3
West Bank and Gaza Strip,2013,1689.92,0,141.21,1373.73,1870.8
West Bank and Gaza Strip,2014,1304.92,0,170.29,942.28,1946.7
West Bank and Gaza Strip,2015,936.02,0,70.36,603.15,2577
West Bank and Gaza Strip,2016,1313.38,0,197.31,998.75,2530
West Bank and Gaza Strip,2017,1062.27,0,154.03,738.73,2524
Yemen,2008,187.83,92.49,24.09,146.18,1637.1
Yemen,2009,234.53,73.36,119.29,185.46,1683.5
Yemen,2010,272.57,123.15,79.31,225.05,1741.3
Yemen,2011,289.39,-20.5,65.38,246.02,1777.5
Yemen,2012,386.81,18.57,44.13,326.18,1823.3
Yemen,2013,613.63,137.89,58.1,535.1,1870.8
Yemen,2014,491.67,101.76,59.28,430.42,1946.7
Yemen,2015,550.39,1.6,1168.31,457.68,2577
Yemen,2016,768.19,-18.57,1428.17,662.55,2530
Yemen,2017,1269.88,488.86,1231.57,1054.02,2524
Cook Islands,2008,5.27,0,0,-0.02,1637.1
Cook Islands,2009,7.14,0,0,-0.09,1683.5
Cook Islands,2010,14.36,0,0,0.03,1741.3
Cook Islands,2011,19.52,0,0.01,-0.05,1777.5
Cook Islands,2012,16.78,0,0.03,0.26,1823.3
Cook Islands,2013,13.74,0,0.01,0.21,1870.8
Cook Islands,2014,22.11,0,0.01,0.23,1946.7
Cook Islands,2015,22.02,0,0.01,1.26,2577
Cook Islands,2016,15.27,0,0.03,0.13,2530
Cook Islands,2017,14.25,0,0.01,0.47,2524
Fiji,2008,36.14,0,0.04,9.6,1637.1
Fiji,2009,50.25,0,0.08,21.76,1683.5
Fiji,2010,56.59,0,0.41,19.09,1741.3
Fiji,2011,50.95,0,0.29,17.6,1777.5
Fiji,2012,69.36,0,0.25,18.58,1823.3
Fiji,2013,57.53,0,0.2,11.87,1870.8
Fiji,2014,64.78,0,0.93,12.66,1946.7
Fiji,2015,70.92,0,3.39,15.11,2577
Fiji,2016,99.05,0,0.59,17.25,2530
Fiji,2017,95.31,0,0.26,26.3,2524
Kiribati,2008,20.95,0,0.09,7.63,1637.1
Kiribati,2009,24.49,0,0,5.76,1683.5
Kiribati,2010,19.73,0,0.08,2.9,1741.3
Kiribati,2011,48.99,0.18,0,3.51,1777.5
Kiribati,2012,49.39,0.82,0,12.84,1823.3
Kiribati,2013,42.5,7.56,0,11.69,1870.8
Kiribati,2014,45.21,12.17,0.88,8.63,1946.7
Kiribati,2015,41.36,14.03,3.51,2.06,2577
Kiribati,2016,36.64,6.89,8.75,3.5,2530
Kiribati,2017,40.81,13.45,0.23,6.99,2524
Marshall Islands,2008,57.21,0,0.38,56.38,1637.1
Marshall Islands,2009,64.89,0,0.05,62.77,1683.5
Marshall Islands,2010,22.48,0,0.02,20.84,1741.3
Marshall Islands,2011,89.5,0,0,87.36,1777.5
Marshall Islands,2012,86.79,0,0,80.44,1823.3
Marshall Islands,2013,89.32,2.77,0,85.07,1870.8
Marshall Islands,2014,58.02,0,0,55.11,1946.7
Marshall Islands,2015,57.16,1.22,2.8,53.26,2577
Marshall Islands,2016,13.02,0.51,0.45,11.13,2530
Marshall Islands,2017,72.05,1.03,0.01,61.92,2524
Micronesia,2008,97.79,0,0.17,96.21,1637.1
Micronesia,2009,132.6,0,0,130.02,1683.5
Micronesia,2010,65.28,0,0.05,63.85,1741.3
Micronesia,2011,130.31,0,0.03,128.58,1777.5
Micronesia,2012,148.97,0,0.08,142.49,1823.3
Micronesia,2013,144.83,0,0.01,141.39,1870.8
Micronesia,2014,118.02,0,0,114.65,1946.7
Micronesia,2015,77.93,2.65,1.81,74.3,2577
Micronesia,2016,37.81,9,1.84,35.85,2530
Micronesia,2017,89.55,5.2,0,74.91,2524
Nauru,2008,31.21,0,0.45,1.36,1637.1
Nauru,2009,25.03,0,0,2.08,1683.5
Nauru,2010,24.66,0,0,1.31,1741.3
Nauru,2011,29.36,0,0.01,1.38,1777.5
Nauru,2012,22.03,0,3.27,1.28,1823.3
Nauru,2013,22.97,0,0.07,0.47,1870.8
Nauru,2014,16.42,0,0.02,1.38,1946.7
Nauru,2015,29.78,0,2.32,2.9,2577
Nauru,2016,18.92,0,0.34,2.33,2530
Nauru,2017,23.54,0,0,0.45,2524
Niue,2008,19.83,0,0,0.05,1637.1
Niue,2009,8.92,0,0,0.07,1683.5
Niue,2010,15.52,0,0,0.04,1741.3
Niue,2011,19.06,0,0,0.05,1777.5
Niue,2012,17.74,0,0,0.07,1823.3
Niue,2013,15.91,0,0,0.05,1870.8
Niue,2014,11.46,0,0.08,0.07,1946.7
Niue,2015,20.67,0,0,0.08,2577
Niue,2016,13.32,0,0,0.3,2530
Niue,2017,13.83,0,0,0.11,2524
Palau,2008,43.45,0,0.26,43.03,1637.1
Palau,2009,36.71,0,0.01,35.48,1683.5
Palau,2010,27.79,0,0,27.05,1741.3
Palau,2011,24.53,0,0.02,23.16,1777.5
Palau,2012,11.94,0,0.01,6.7,1823.3
Palau,2013,33.17,0,0,29.37,1870.8
Palau,2014,22.81,0,0.05,19.91,1946.7
Palau,2015,9.13,0,4.55,6.86,2577
Palau,2016,12.8,0,0.02,11.12,2530
Palau,2017,17.77,0,0.53,15.91,2524
Papua New Guinea,2008,299.41,-1.56,-0.64,-70.53,1637.1
Papua New Guinea,2009,368.71,10.16,0,3.32,1683.5
Papua New Guinea,2010,407.43,4.42,0,22.1,1741.3
Papua New Guinea,2011,441.03,12.56,0.04,14.83,1777.5
Papua New Guinea,2012,423.06,21.52,0,7.96,1823.3
Papua New Guinea,2013,416.53,21.09,0.04,3.4,1870.8
Papua New Guinea,2014,412.1,27.99,0.04,18.88,1946.7
Papua New Guinea,2015,485.55,24.18,0.03,14.48,2577
Papua New Guinea,2016,446.63,31.65,0.19,58.03,2530
Papua New Guinea,2017,440.12,18.29,0.06,34.21,2524
Samoa,2008,28.68,1.74,0.21,5.74,1637.1
Samoa,2009,49.87,1.82,0.02,15.58,1683.5
Samoa,2010,82.69,21.54,0,23.29,1741.3
Samoa,2011,49.91,0.84,0.01,15.42,1777.5
Samoa,2012,70.23,2.61,0.02,12.59,1823.3
Samoa,2013,59.01,14.74,0.09,8.41,1870.8
Samoa,2014,58.68,2.3,4.52,14.97,1946.7
Samoa,2015,58.99,17.61,0.03,13.47,2577
Samoa,2016,60.89,11.24,0.06,17.56,2530
Samoa,2017,76.87,24.92,0.07,30.06,2524
Solomon Islands,2008,237.71,-0.61,-0.44,9.74,1637.1
Solomon Islands,2009,233.27,-0.22,-0.39,5.45,1683.5
Solomon Islands,2010,275.55,0.05,-0.4,13.43,1741.3
Solomon Islands,2011,236.95,3.89,-0.38,19.01,1777.5
Solomon Islands,2012,218.11,5.96,-0.36,12.41,1823.3
Solomon Islands,2013,219.24,3.91,-0.34,22.19,1870.8
Solomon Islands,2014,162.55,1.95,-0.38,13.98,1946.7
Solomon Islands,2015,175.06,8.08,3.46,20.05,2577
Solomon Islands,2016,153.78,5.5,0.48,20.4,2530
Solomon Islands,2017,156.34,2.74,0.01,14.11,2524
Tokelau,2008,26.04,0,0,0,1637.1
Tokelau,2009,12.74,0,0,0,1683.5
Tokelau,2010,16.04,0,0,0,1741.3
Tokelau,2011,19.42,0,0,0,1777.5
Tokelau,2012,18.03,0,0,0.01,1823.3
Tokelau,2013,22.33,0,0,0.01,1870.8
Tokelau,2014,16.8,0,0,0.01,1946.7
Tokelau,2015,9.27,0,0,0,2577
Tokelau,2016,14.99,0,0,0,2530
Tokelau,2017,7.24,0,0,0.03,2524
Tonga,2008,25.47,0.54,0.38,4.93,1637.1
Tonga,2009,37.11,1.62,0.01,11.05,1683.5
Tonga,2010,52.48,6.94,0,20.36,1741.3
Tonga,2011,54.79,11.06,0.04,15.12,1777.5
Tonga,2012,53.02,5.94,4.62,10.91,1823.3
Tonga,2013,44.32,13.88,0.19,5.54,1870.8
Tonga,2014,51.92,14.64,0.02,17.85,1946.7
Tonga,2015,48.41,14.92,0.09,11.99,2577
Tonga,2016,53.59,12.93,0.11,14.52,2530
Tonga,2017,55.78,11.62,0.31,24.48,2524
Tuvalu,2008,15.57,0,0.41,5.26,1637.1
Tuvalu,2009,14.38,0,0.01,7.22,1683.5
Tuvalu,2010,11.77,0,0,3.63,1741.3
Tuvalu,2011,22.44,0,2.52,10.87,1777.5
Tuvalu,2012,18.72,0.25,0.01,2.96,1823.3
Tuvalu,2013,17.71,0.77,0.07,6.86,1870.8
Tuvalu,2014,22.17,4.63,1.74,6.49,1946.7
Tuvalu,2015,38.18,7.86,2.26,14.36,2577
Tuvalu,2016,13.51,8.12,0.46,2.09,2530
Tuvalu,2017,13.3,8.21,0.01,1.56,2524
Vanuatu,2008,94.18,-0.35,0,52.35,1637.1
Vanuatu,2009,108.74,-0.53,0,42.5,1683.5
Vanuatu,2010,103.21,-0.53,0,37.3,1741.3
Vanuatu,2011,73.77,-0.53,0.06,11.97,1777.5
Vanuatu,2012,80.46,-0.54,0.03,12.57,1823.3
Vanuatu,2013,75.55,-0.53,0.12,18.57,1870.8
Vanuatu,2014,87.57,-0.53,1.01,15.76,1946.7
Vanuatu,2015,159.89,0.87,6.87,30.53,2577
Vanuatu,2016,106.58,3.49,0.99,34.31,2530
Vanuatu,2017,103.3,17.66,0.39,36.09,2524
Wallis and Futuna,2008,108.33,0,0,108.32,1637.1
Wallis and Futuna,2009,101.51,0,0,101.45,1683.5
Wallis and Futuna,2010,110.66,0,0,110.61,1741.3
Wallis and Futuna,2011,103.93,0,0,103.83,1777.5
Wallis and Futuna,2012,103.02,0,0,102.9,1823.3
Wallis and Futuna,2013,89.24,0,0,89.11,1870.8
Wallis and Futuna,2014,85.72,0,0,85.63,1946.7
Wallis and Futuna,2015,108.59,0,0,108.22,2577
Wallis and Futuna,2016,86.73,0,0,86.47,2530
Wallis and Futuna,2017,88.67,0,0,88.47,2524
Data extracted on 19 Apr 2019 14:18 UTC (GMT) from OECD.Stat,,,,,,
