recipient,year,dac,wb,non_dac,g7,wb_budget,recipient_iso3
Albania,2008,239.73,18.6,6.6,113.76,1637.1,ALB
Belarus,2008,69.91,0,4,32.15,1637.1,BLR
Bosnia and Herzegovina,2008,293.35,15.43,13.25,109.13,1637.1,BIH
Croatia,2008,49.2,0,0.37,29.28,1637.1,HRV
North Macedonia,2008,137.03,-0,7.24,83.54,1637.1,MKD
Moldova,2008,115.48,24.05,13.23,71.08,1637.1,MDA
Montenegro,2008,61.23,14.39,3.66,39.98,1637.1,MNE
Serbia,2008,519.56,39.56,21.71,255.15,1637.1,SRB
Turkey,2008,572,-0,4.67,450.52,1637.1,TUR
Ukraine,2008,296.16,0,21.35,231.94,1637.1,UKR
Algeria,2008,208.98,0,-0,140,1637.1,DZA
Egypt,2008,973.88,-0,424.97,847.02,1637.1,EGY
Libya,2008,48.5,0,1.26,46.73,1637.1,LBY
Morocco,2008,529.63,-0,356.37,331.27,1637.1,MAR
Tunisia,2008,213.6,-0,-0,187.38,1637.1,TUN
Angola,2008,206.62,20.95,-0,113.7,1637.1,AGO
Benin,2008,277.67,87.18,3.87,168.88,1637.1,BEN
Botswana,2008,668.78,-0,-0,660.88,1637.1,BWA
Burkina Faso,2008,421.26,166.96,6.73,229.66,1637.1,BFA
Burundi,2008,229.92,61.18,0.07,110.94,1637.1,BDI
Cabo Verde,2008,147.23,17.02,0.4,45.19,1637.1,CPV
Cameroon,2008,264.06,27.39,9.11,243.03,1637.1,CMR
Central African Republic,2008,123.32,13.74,0.25,87.36,1637.1,CAF
Chad,2008,266.19,-0,2.74,184.25,1637.1,TCD
Comoros,2008,17.35,0.06,5.03,16.23,1637.1,COM
Congo,2008,320.48,17.65,0.15,316.65,1637.1,COG
C�te d'Ivoire,2008,199.24,181.36,2.51,172.92,1637.1,CIV
Democratic Republic of the Congo,2008,907.42,271.44,4.01,538.96,1637.1,COD
Djibouti,2008,58.46,7.54,20.01,56.58,1637.1,DJI
Equatorial Guinea,2008,15.07,-0,0.02,3.98,1637.1,GNQ
Eritrea,2008,46.24,27.63,7.94,28.21,1637.1,ERI
Ethiopia,2008,1816.7,509.8,32.61,1481.48,1637.1,ETH
Gabon,2008,31.52,0,0.62,31.48,1637.1,GAB
Gambia,2008,27.17,7.62,4.17,20.93,1637.1,GMB
Ghana,2008,650.84,254.69,5.02,435.54,1637.1,GHA
Guinea,2008,194.24,31.12,0.3,178.01,1637.1,GIN
Guinea-Bissau,2008,45.54,15.71,0.05,13.72,1637.1,GNB
Kenya,2008,948.28,106.39,3.23,720.77,1637.1,KEN
Lesotho,2008,59.87,18.78,-0,39.88,1637.1,LSO
Liberia,2008,816.32,4.29,0.82,663.83,1637.1,LBR
Madagascar,2008,259.02,201.3,3.43,213.68,1637.1,MDG
Malawi,2008,395.77,48.96,3.73,292.37,1637.1,MWI
Mali,2008,481.1,105.61,-0,288.48,1637.1,MLI
Mauritania,2008,125.97,41.58,23.78,93.21,1637.1,MRT
Mauritius,2008,13.74,-0,-0,15.18,1637.1,MUS
Mayotte,2008,396.19,0,0,396.19,1637.1,MYT
Mozambique,2008,1220.06,261.13,-0,622.27,1637.1,MOZ
Namibia,2008,153.98,0,-0,113.86,1637.1,NAM
Niger,2008,247.86,57.86,6.37,167.75,1637.1,NER
Nigeria,2008,653.48,310.9,1.44,544.24,1637.1,NGA
Rwanda,2008,423.45,130.86,0.99,273.56,1637.1,RWA
Saint Helena,2008,46.14,0,0.01,46.14,1637.1,SHN
Sao Tome and Principe,2008,23.12,8.23,0.03,10.12,1637.1,STP
Senegal,2008,501.52,124.61,38.84,363.2,1637.1,SEN
Seychelles,2008,4.36,0,0.15,4.31,1637.1,SYC
Sierra Leone,2008,151.81,47.4,-0,125.95,1637.1,SLE
Somalia,2008,554.62,0,12.5,419.87,1637.1,SOM
South Africa,2008,868.6,0,1.82,715.72,1637.1,ZAF
South Sudan,2008,0,0,0,0,1637.1,SSD
Sudan,2008,1807.55,-0,129.14,1393.98,1637.1,SDN
Eswatini,2008,17.79,-0,-0,15.63,1637.1,SWZ
Tanzania,2008,1253.27,393.55,-0,685.35,1637.1,TZA
Togo,2008,148.99,44.41,1.18,128.82,1637.1,TGO
Uganda,2008,964.61,168.37,0.93,588.58,1637.1,UGA
Zambia,2008,666.62,54.61,-0,403.7,1637.1,ZMB
Zimbabwe,2008,526.3,0,-0,388.06,1637.1,ZWE
Anguilla,2008,0.07,0,0,0.07,1637.1,AIA
Antigua and Barbuda,2008,0.52,0,0.6,0.42,1637.1,ATG
Barbados,2008,1.16,0,0.01,1,1637.1,BRB
Belize,2008,4.46,0,0.58,4.06,1637.1,BLZ
Costa Rica,2008,53.71,-0,0.24,33.08,1637.1,CRI
Cuba,2008,82.3,0,4.28,30.52,1637.1,CUB
Dominica,2008,0.6,0.39,-0,0.53,1637.1,DMA
Dominican Republic,2008,89.94,-0,0,45.17,1637.1,DOM
El Salvador,2008,188.34,-0,0.25,98,1637.1,SLV
Grenada,2008,1.24,0.77,0.83,1.1,1637.1,GRD
Guatemala,2008,412.87,0,0.3,131.12,1637.1,GTM
Haiti,2008,560.58,22.36,0.2,483.15,1637.1,HTI
Honduras,2008,334.85,47.73,0.08,195.77,1637.1,HND
Jamaica,2008,-0,0,-0,-0,1637.1,JAM
Mexico,2008,119.79,0,0.76,127.53,1637.1,MEX
Montserrat,2008,26.58,0,0,26.58,1637.1,MSR
Nicaragua,2008,503.59,26.4,0.04,208.2,1637.1,NIC
Panama,2008,27.16,0,0.19,21.16,1637.1,PAN
Saint Kitts and Nevis,2008,28.44,-0,-0,28.43,1637.1,KNA
Saint Lucia,2008,-0,0.99,-0,-0,1637.1,LCA
Saint Vincent and the Grenadines,2008,9.06,0.7,-0,8.83,1637.1,VCT
Trinidad and Tobago,2008,3.43,0,0.1,3.3,1637.1,TTO
Argentina,2008,77,0,0.02,49.46,1637.1,ARG
Bolivia,2008,470.56,23.12,0.28,260.98,1637.1,BOL
Brazil,2008,336.54,0,1.51,283.25,1637.1,BRA
Chile,2008,73.83,-0,1.12,35.38,1637.1,CHL
Colombia,2008,953.79,-0,0.69,801.29,1637.1,COL
Ecuador,2008,181.58,-0,0.28,71.19,1637.1,ECU
Guyana,2008,43.72,5.24,0.01,43.4,1637.1,GUY
Paraguay,2008,98.77,-0,0.06,71,1637.1,PRY
Peru,2008,367.82,0,1.3,196.77,1637.1,PER
Suriname,2008,62.18,0,0.02,4.18,1637.1,SUR
Uruguay,2008,10.93,0,1.19,2.51,1637.1,URY
Venezuela,2008,42.36,0,0.33,28.27,1637.1,VEN
Cambodia,2008,442.49,31.09,3.02,281.4,1637.1,KHM
China (People's Republic of),2008,1241.95,-0,53.43,1049.47,1637.1,CHN
Democratic People's Republic of Korea,2008,196.96,0,-0,171.28,1637.1,PRK
Indonesia,2008,607.64,386.64,1.97,127.73,1637.1,IDN
Lao People's Democratic Republic,2008,212.66,36.68,114.52,113.97,1637.1,LAO
Malaysia,2008,136.65,0,0.13,127.8,1637.1,MYS
Mongolia,2008,179.69,16,3.6,128.18,1637.1,MNG
Philippines,2008,36.8,-0,-0,-0,1637.1,PHL
Thailand,2008,-0,-0,2.31,-0,1637.1,THA
Timor-Leste,2008,225.98,4.47,0.07,71.16,1637.1,TLS
Viet Nam,2008,1509.31,523.07,0.95,1019.75,1637.1,VNM
Afghanistan,2008,4093.16,154.79,120.76,3443.97,1637.1,AFG
Armenia,2008,211,64.22,0.98,196.35,1637.1,ARM
Azerbaijan,2008,119.08,37.94,31.42,94.49,1637.1,AZE
Bangladesh,2008,749.29,582.06,22.51,489.43,1637.1,BGD
Bhutan,2008,44.95,9.73,0.28,19.79,1637.1,BTN
Georgia,2008,620.7,104.69,16.5,548.23,1637.1,GEO
India,2008,1371.9,75.57,4.1,1249.36,1637.1,IND
Kazakhstan,2008,249.21,0,45.12,239.11,1637.1,KAZ
Kyrgyzstan,2008,147.81,26.1,37.29,115.53,1637.1,KGZ
Maldives,2008,18.99,2.83,27.49,9.77,1637.1,MDV
Myanmar,2008,397.68,0,8.87,233.15,1637.1,MMR
Nepal,2008,405.3,59.09,0.04,263.2,1637.1,NPL
Pakistan,2008,895.65,-0,82.5,776.13,1637.1,PAK
Sri Lanka,2008,384.62,80.72,6.62,216.72,1637.1,LKA
Tajikistan,2008,144.75,26.63,10.67,112.36,1637.1,TJK
Turkmenistan,2008,-0,0,8.27,-0,1637.1,TKM
Uzbekistan,2008,108.55,12.06,11.78,94.58,1637.1,UZB
Iran,2008,56.48,0,11.24,42.23,1637.1,IRN
Iraq,2008,9421.98,11.46,41.17,8053.04,1637.1,IRQ
Jordan,2008,480.69,-0,55.64,442.22,1637.1,JOR
Lebanon,2008,699.6,0,111.78,610.9,1637.1,LBN
Oman,2008,3.86,0,58.57,3.51,1637.1,OMN
Syrian Arab Republic,2008,49.54,-0,-0,30.03,1637.1,SYR
West Bank and Gaza Strip,2008,1309.47,0,155.18,877.87,1637.1,PSE
Yemen,2008,187.83,92.49,24.09,146.18,1637.1,YEM
Cook Islands,2008,5.27,0,0,-0,1637.1,COK
Fiji,2008,36.14,0,0.04,9.6,1637.1,FJI
Kiribati,2008,20.95,0,0.09,7.63,1637.1,KIR
Marshall Islands,2008,57.21,0,0.38,56.38,1637.1,MHL
Nauru,2008,31.21,0,0.45,1.36,1637.1,NRU
Niue,2008,19.83,0,0,0.05,1637.1,NIU
Palau,2008,43.45,0,0.26,43.03,1637.1,PLW
Papua New Guinea,2008,299.41,-0,-0,-0,1637.1,PNG
Samoa,2008,28.68,1.74,0.21,5.74,1637.1,WSM
Solomon Islands,2008,237.71,-0,-0,9.74,1637.1,SLB
Tokelau,2008,26.04,0,0,0,1637.1,TKL
Tonga,2008,25.47,0.54,0.38,4.93,1637.1,TON
Tuvalu,2008,15.57,0,0.41,5.26,1637.1,TUV
Vanuatu,2008,94.18,-0,0,52.35,1637.1,VUT
Wallis and Futuna,2008,108.33,0,0,108.32,1637.1,WLF
Albania,2009,225.75,24.74,8.66,127.94,1683.5,ALB
Belarus,2009,75.24,0,3.85,38.71,1683.5,BLR
Bosnia and Herzegovina,2009,272.82,17.4,21.74,88.81,1683.5,BIH
Croatia,2009,32.26,0,0.14,18.98,1683.5,HRV
North Macedonia,2009,129.29,-0,4.73,75.68,1683.5,MKD
Moldova,2009,101.23,21.23,6.15,57,1683.5,MDA
Montenegro,2009,46.04,4.88,2.22,28.01,1683.5,MNE
Serbia,2009,276.26,22.31,2.89,193.61,1683.5,SRB
Turkey,2009,481.93,-0,3.21,300.94,1683.5,TUR
Ukraine,2009,401.13,0,24.17,316.14,1683.5,UKR
Algeria,2009,177.07,0,10.04,113.78,1683.5,DZA
Egypt,2009,569.05,-0,113.28,476.95,1683.5,EGY
Libya,2009,29.89,0,0.72,28.91,1683.5,LBY
Morocco,2009,615.77,-0,18.53,409.45,1683.5,MAR
Tunisia,2009,299.44,-0,-0,189.38,1683.5,TUN
Angola,2009,147.03,19.63,0.01,70.32,1683.5,AGO
Benin,2009,305.68,87.23,3.32,179.73,1683.5,BEN
Botswana,2009,252.52,-0,-0,246.43,1683.5,BWA
Burkina Faso,2009,421.18,216.22,0.64,237.74,1683.5,BFA
Burundi,2009,250.23,58.96,0.09,133.56,1683.5,BDI
Cabo Verde,2009,151.25,0.47,-0,63.62,1683.5,CPV
Cameroon,2009,247.26,45.9,0.81,214.73,1683.5,CMR
Central African Republic,2009,95.43,27.6,0.43,74.61,1683.5,CAF
Chad,2009,362.01,3.66,-0,283.48,1683.5,TCD
Comoros,2009,24.23,-0,0.77,24.15,1683.5,COM
Congo,2009,200.76,11.11,0.19,147.82,1683.5,COG
C�te d'Ivoire,2009,1559.34,179.11,2.24,1421.72,1683.5,CIV
Democratic Republic of the Congo,2009,1063.06,387.54,1.71,691.19,1683.5,COD
Djibouti,2009,85.45,6.54,10.37,81.4,1683.5,DJI
Equatorial Guinea,2009,21.01,-0,-0,2.94,1683.5,GNQ
Eritrea,2009,39.95,4.56,17.93,20.47,1683.5,ERI
Ethiopia,2009,1818.53,1001.81,18.73,1467.8,1683.5,ETH
Gabon,2009,45.67,0,0.01,46,1683.5,GAB
Gambia,2009,19.95,15.75,1.02,21.57,1683.5,GMB
Ghana,2009,782.6,238.5,5.83,568.51,1683.5,GHA
Guinea,2009,159.08,-0,-0,149.47,1683.5,GIN
Guinea-Bissau,2009,45.39,14.13,0.01,17.97,1683.5,GNB
Kenya,2009,1255.73,80.29,4.07,972.71,1683.5,KEN
Lesotho,2009,68.68,10.87,4.51,42.37,1683.5,LSO
Liberia,2009,334.11,40.98,0.16,247.63,1683.5,LBR
Madagascar,2009,232.51,34.35,1.36,208.43,1683.5,MDG
Malawi,2009,428.16,78.9,0.11,309.47,1683.5,MWI
Mali,2009,550.46,160.94,1.09,349.87,1683.5,MLI
Mauritania,2009,107.63,36.73,20.07,67.19,1683.5,MRT
Mauritius,2009,56.82,-0,-0,55.97,1683.5,MUS
Mayotte,2009,469.09,0,0,469.09,1683.5,MYT
Mozambique,2009,1232.85,205.57,0.04,605.28,1683.5,MOZ
Namibia,2009,242.98,0,-0,214.37,1683.5,NAM
Niger,2009,236.73,37.45,1.66,159.59,1683.5,NER
Nigeria,2009,709.91,459.45,1.58,655.17,1683.5,NGA
Rwanda,2009,507.44,109.9,2.21,326.07,1683.5,RWA
Saint Helena,2009,31.22,0,0,31.22,1683.5,SHN
Sao Tome and Principe,2009,17.3,1.06,0.01,3.05,1683.5,STP
Senegal,2009,475,129.71,3.9,334.66,1683.5,SEN
Seychelles,2009,9.89,0,0.05,9.83,1683.5,SYC
Sierra Leone,2009,181.55,34.79,0.29,154.96,1683.5,SLE
Somalia,2009,499.12,0,7.98,335.33,1683.5,SOM
South Africa,2009,905.95,0,2.29,742.67,1683.5,ZAF
South Sudan,2009,0,0,0,0,1683.5,SSD
Sudan,2009,1966.52,-0,55.9,1625.23,1683.5,SDN
Eswatini,2009,20.38,-0,-0,15.98,1683.5,SWZ
Tanzania,2009,1361.18,797.9,-0,811.25,1683.5,TZA
Togo,2009,353.25,6.03,0.88,104.29,1683.5,TGO
Uganda,2009,1009.42,381.52,0.31,663.68,1683.5,UGA
Zambia,2009,689.09,41.11,0.4,434.38,1683.5,ZMB
Zimbabwe,2009,635.15,0,0.14,462.84,1683.5,ZWE
Anguilla,2009,1.52,0,0,1.52,1683.5,AIA
Antigua and Barbuda,2009,2.63,0,0,2.54,1683.5,ATG
Barbados,2009,2.89,0,0,2.83,1683.5,BRB
Belize,2009,7.33,0,0.54,6.45,1683.5,BLZ
Costa Rica,2009,84.37,-0,0.19,69.39,1683.5,CRI
Cuba,2009,81.76,0,0.28,39.9,1683.5,CUB
Dominica,2009,4.63,0.84,1.05,4.6,1683.5,DMA
Dominican Republic,2009,51.14,-0,0.05,16.85,1683.5,DOM
El Salvador,2009,248.17,-0,0.32,114.31,1683.5,SLV
Grenada,2009,3.16,2.48,4.53,3.07,1683.5,GRD
Guatemala,2009,322.02,0,0.72,146.84,1683.5,GTM
Haiti,2009,709.31,45.27,0.05,569.11,1683.5,HTI
Honduras,2009,303.22,47.67,-0,224.58,1683.5,HND
Jamaica,2009,7.77,0,-0,-0,1683.5,JAM
Mexico,2009,178.27,0,1.27,186.11,1683.5,MEX
Montserrat,2009,36.32,0,0,36.31,1683.5,MSR
Nicaragua,2009,451.33,67.28,0.06,167.03,1683.5,NIC
Panama,2009,53.71,0,0.18,49.08,1683.5,PAN
Saint Kitts and Nevis,2009,1.47,-0,-0,1.43,1683.5,KNA
Saint Lucia,2009,5.89,0.4,-0,5.7,1683.5,LCA
Saint Vincent and the Grenadines,2009,4.54,0.86,-0,4.29,1683.5,VCT
Trinidad and Tobago,2009,4.28,0,0.04,4.02,1683.5,TTO
Argentina,2009,69.76,0,1.6,45.9,1683.5,ARG
Bolivia,2009,460.03,31.15,0.11,223.51,1683.5,BOL
Brazil,2009,286.33,0,1.81,185.7,1683.5,BRA
Chile,2009,53.8,-0,0.65,29.02,1683.5,CHL
Colombia,2009,1051.63,-0,0.97,828.52,1683.5,COL
Ecuador,2009,145.92,-0,0.37,74.03,1683.5,ECU
Guyana,2009,42.99,7.93,0,42.11,1683.5,GUY
Paraguay,2009,112.65,-0,0.11,70.38,1683.5,PRY
Peru,2009,335.43,0,1.24,195.81,1683.5,PER
Suriname,2009,107.84,0,0,6.02,1683.5,SUR
Uruguay,2009,28.16,0,0.75,17.07,1683.5,URY
Venezuela,2009,43.97,0,0.24,32.01,1683.5,VEN
Cambodia,2009,458.67,28.48,5.37,285.46,1683.5,KHM
China (People's Republic of),2009,1077.36,-0,-0,901.48,1683.5,CHN
Democratic People's Republic of Korea,2009,47.77,0,-0,22.86,1683.5,PRK
Indonesia,2009,458.02,207.08,-0,-0,1683.5,IDN
Lao People's Democratic Republic,2009,252.27,29.46,19.7,128.88,1683.5,LAO
Malaysia,2009,117.83,0,0.06,108.3,1683.5,MYS
Mongolia,2009,212.71,60.33,13.15,130.37,1683.5,MNG
Philippines,2009,281.78,-0,-0,141.22,1683.5,PHL
Thailand,2009,-0,-0,1,-0,1683.5,THA
Timor-Leste,2009,187.02,3.68,0.16,50.21,1683.5,TLS
Viet Nam,2009,1849.51,1127.22,3.57,1423.02,1683.5,VNM
Afghanistan,2009,5368.48,289.42,126.5,4609.92,1683.5,AFG
Armenia,2009,224.18,124.04,1.32,205.94,1683.5,ARM
Azerbaijan,2009,122.88,34.84,30.42,108.86,1683.5,AZE
Bangladesh,2009,697.61,101,8.36,435.91,1683.5,BGD
Bhutan,2009,49.77,30.03,0.93,20.77,1683.5,BTN
Georgia,2009,476,150.62,21.33,410.26,1683.5,GEO
India,2009,1428.02,455,2.14,1313.4,1683.5,IND
Kazakhstan,2009,182.16,0,69.88,166.37,1683.5,KAZ
Kyrgyzstan,2009,142.29,23.79,51.02,105.46,1683.5,KGZ
Maldives,2009,16.02,4.28,-0,15.87,1683.5,MDV
Myanmar,2009,226.61,0,5.75,143.76,1683.5,MMR
Nepal,2009,485.6,112.1,0.43,274.95,1683.5,NPL
Pakistan,2009,1361.27,954.75,205.07,1164.63,1683.5,PAK
Sri Lanka,2009,361.84,134.59,7.27,163.62,1683.5,LKA
Tajikistan,2009,138.1,44.82,8.81,102.64,1683.5,TJK
Turkmenistan,2009,15.03,0,10.46,13.49,1683.5,TKM
Uzbekistan,2009,73.35,26.76,21.24,61.53,1683.5,UZB
Iran,2009,60.89,0,12,45.29,1683.5,IRN
Iraq,2009,2939.31,30.83,42.66,2801.45,1683.5,IRQ
Jordan,2009,535.58,-0,48.05,511.88,1683.5,JOR
Lebanon,2009,380.33,0,46.02,319.3,1683.5,LBN
Oman,2009,8.73,0,185.84,8.43,1683.5,OMN
Syrian Arab Republic,2009,63.7,-0,42.91,42.38,1683.5,SYR
West Bank and Gaza Strip,2009,1780.35,0,262.28,1345.86,1683.5,PSE
Yemen,2009,234.53,73.36,119.29,185.46,1683.5,YEM
Cook Islands,2009,7.14,0,0,-0,1683.5,COK
Fiji,2009,50.25,0,0.08,21.76,1683.5,FJI
Kiribati,2009,24.49,0,0,5.76,1683.5,KIR
Marshall Islands,2009,64.89,0,0.05,62.77,1683.5,MHL
Nauru,2009,25.03,0,0,2.08,1683.5,NRU
Niue,2009,8.92,0,0,0.07,1683.5,NIU
Palau,2009,36.71,0,0.01,35.48,1683.5,PLW
Papua New Guinea,2009,368.71,10.16,0,3.32,1683.5,PNG
Samoa,2009,49.87,1.82,0.02,15.58,1683.5,WSM
Solomon Islands,2009,233.27,-0,-0,5.45,1683.5,SLB
Tokelau,2009,12.74,0,0,0,1683.5,TKL
Tonga,2009,37.11,1.62,0.01,11.05,1683.5,TON
Tuvalu,2009,14.38,0,0.01,7.22,1683.5,TUV
Vanuatu,2009,108.74,-0,0,42.5,1683.5,VUT
Wallis and Futuna,2009,101.51,0,0,101.45,1683.5,WLF
Albania,2010,210.9,14.46,8.6,122.32,1741.3,ALB
Belarus,2010,96.27,0,3.75,53.55,1741.3,BLR
Bosnia and Herzegovina,2010,237.85,92.96,14.9,74.1,1741.3,BIH
Croatia,2010,37.42,0,0.31,25.78,1741.3,HRV
North Macedonia,2010,90.28,-0,20.26,59.14,1741.3,MKD
Moldova,2010,94.68,59.65,24.53,52.68,1741.3,MDA
Montenegro,2010,42.07,2.98,7.18,21.67,1741.3,MNE
Serbia,2010,307.81,23.6,3.83,209.65,1741.3,SRB
Turkey,2010,606.2,-0,14.61,503.36,1741.3,TUR
Ukraine,2010,430.95,0,21.56,350.41,1741.3,UKR
Algeria,2010,130.92,0,-0,100.44,1741.3,DZA
Egypt,2010,346.91,-0,74.73,281,1741.3,EGY
Libya,2010,17.4,0,0.72,16.24,1741.3,LBY
Morocco,2010,535.08,-0,10.67,426.77,1741.3,MAR
Tunisia,2010,313.07,-0,2.64,169.15,1741.3,TUN
Angola,2010,148.54,3.73,0.09,116.65,1741.3,AGO
Benin,2010,331.1,81.6,1.14,220,1741.3,BEN
Botswana,2010,108.79,-0,-0,102.35,1741.3,BWA
Burkina Faso,2010,411.86,182.91,4.92,220.73,1741.3,BFA
Burundi,2010,264.63,102.7,0.32,149.42,1741.3,BDI
Cabo Verde,2010,232.8,20.75,-0,57.93,1741.3,CPV
Cameroon,2010,245.27,79.22,0.08,224.99,1741.3,CMR
Central African Republic,2010,109.37,16.99,0.4,60.78,1741.3,CAF
Chad,2010,294.21,-0,-0,236.31,1741.3,TCD
Comoros,2010,20.11,4.7,15.72,20.11,1741.3,COM
Congo,2010,1109.03,20.43,0.49,1041.17,1741.3,COG
C�te d'Ivoire,2010,408.36,177.99,1.48,394.48,1741.3,CIV
Democratic Republic of the Congo,2010,2240.15,282.41,6.55,721.32,1741.3,COD
Djibouti,2010,86.44,-0,7.48,85.86,1741.3,DJI
Equatorial Guinea,2010,71.18,-0,-0,53.39,1741.3,GNQ
Eritrea,2010,31.56,1.33,22.21,15.83,1741.3,ERI
Ethiopia,2010,1861.78,635.98,34.66,1599.97,1741.3,ETH
Gabon,2010,72.91,0,0.03,72.55,1741.3,GAB
Gambia,2010,29.41,10.95,1.3,23.79,1741.3,GMB
Ghana,2010,858.44,304.79,3.27,629.18,1741.3,GHA
Guinea,2010,87.34,0.06,-0,80.36,1741.3,GIN
Guinea-Bissau,2010,49.15,7.79,0.23,23.74,1741.3,GNB
Kenya,2010,1175.47,127,3.36,974.33,1741.3,KEN
Lesotho,2010,97.14,32.65,2.84,79.57,1741.3,LSO
Liberia,2010,647.16,39.97,1.45,531.92,1741.3,LBR
Madagascar,2010,212.48,75.73,8.75,188.95,1741.3,MDG
Malawi,2010,484.61,125.79,-0,381.66,1741.3,MWI
Mali,2010,661.62,146.55,-0,466.67,1741.3,MLI
Mauritania,2010,91.07,36.64,17.38,58.52,1741.3,MRT
Mauritius,2010,52.91,-0,-0,51.78,1741.3,MUS
Mayotte,2010,541.73,0,0,541.73,1741.3,MYT
Mozambique,2010,1285.76,157.07,1.81,659.52,1741.3,MOZ
Namibia,2010,217.6,0,-0,187.86,1741.3,NAM
Niger,2010,361.21,68.63,2.35,247.96,1741.3,NER
Nigeria,2010,868.64,932.92,1.5,820.52,1741.3,NGA
Rwanda,2010,532.57,139.18,1.77,376.69,1741.3,RWA
Saint Helena,2010,50.19,0,0,50.19,1741.3,SHN
Sao Tome and Principe,2010,29.77,2.04,0,5.03,1741.3,STP
Senegal,2010,502.97,105.63,12.75,378.73,1741.3,SEN
Seychelles,2010,25.51,0,16.38,25.15,1741.3,SYC
Sierra Leone,2010,178.4,54.79,0.84,154.88,1741.3,SLE
Somalia,2010,301.14,0,6.45,185.62,1741.3,SOM
South Africa,2010,857.49,0,1.63,727.9,1741.3,ZAF
South Sudan,2010,0,0,0,0,1741.3,SSD
Sudan,2010,1503.42,0,29.26,1140.14,1741.3,SDN
Eswatini,2010,32.37,-0,0.66,30.13,1741.3,SWZ
Tanzania,2010,1602.37,663.19,4.36,1069.66,1741.3,TZA
Togo,2010,228,7.59,0.61,200.54,1741.3,TGO
Uganda,2010,981.91,311.55,0.97,664.89,1741.3,UGA
Zambia,2010,588.03,32,-0,408.27,1741.3,ZMB
Zimbabwe,2010,496.58,0,-0,333.99,1741.3,ZWE
Anguilla,2010,0.28,0,0,0.28,1741.3,AIA
Antigua and Barbuda,2010,5.61,0,0,5.48,1741.3,ATG
Barbados,2010,2.1,0,0,1.83,1741.3,BRB
Belize,2010,10.26,0,-0,9.32,1741.3,BLZ
Costa Rica,2010,73.85,-0,0.11,64.16,1741.3,CRI
Cuba,2010,81.92,0,-0,33.5,1741.3,CUB
Dominica,2010,4.91,-0,1.58,4.63,1741.3,DMA
Dominican Republic,2010,89.9,-0,0.03,41.77,1741.3,DOM
El Salvador,2010,242.58,-0,0.15,149.93,1741.3,SLV
Grenada,2010,5.36,5.03,-0,4.89,1741.3,GRD
Guatemala,2010,333.62,0,0.27,174.18,1741.3,GTM
Haiti,2010,2300.06,100.68,16.86,1923.38,1741.3,HTI
Honduras,2010,273.59,104.01,0.75,180.4,1741.3,HND
Jamaica,2010,-0,0,-0,-0,1741.3,JAM
Mexico,2010,431.45,0,1.23,423.04,1741.3,MEX
Montserrat,2010,15.52,0,0,15.52,1741.3,MSR
Nicaragua,2010,362.7,42.55,0.04,129.24,1741.3,NIC
Panama,2010,99.33,0,0.21,92.56,1741.3,PAN
Saint Kitts and Nevis,2010,-0,-0,-0,-0,1741.3,KNA
Saint Lucia,2010,1.09,9.79,-0,0.09,1741.3,LCA
Saint Vincent and the Grenadines,2010,0.94,1.19,-0,0.22,1741.3,VCT
Trinidad and Tobago,2010,3.49,0,0,2.82,1741.3,TTO
Argentina,2010,94.32,0,-0,70.94,1741.3,ARG
Bolivia,2010,401.63,42.08,0.09,183.23,1741.3,BOL
Brazil,2010,383.15,0,1.68,303.72,1741.3,BRA
Chile,2010,146.65,-0,2.21,109.39,1741.3,CHL
Colombia,2010,556.09,-0,1.86,413.98,1741.3,COL
Ecuador,2010,120.96,-0,0.43,48.27,1741.3,ECU
Guyana,2010,59.67,2.75,0.02,34.96,1741.3,GUY
Paraguay,2010,69.38,-0,0.1,33.85,1741.3,PRY
Peru,2010,-0,0,1.11,-0,1741.3,PER
Suriname,2010,71.98,0,0,1.02,1741.3,SUR
Uruguay,2010,28.59,0,0.95,20.36,1741.3,URY
Venezuela,2010,35.41,0,0.59,26.44,1741.3,VEN
Cambodia,2010,483.01,31.37,2.1,306.01,1741.3,KHM
China (People's Republic of),2010,733.64,-0,5.99,598.85,1741.3,CHN
Democratic People's Republic of Korea,2010,27.8,0,5.01,9.93,1741.3,PRK
Indonesia,2010,931.7,105.23,-0,492.89,1741.3,IDN
Lao People's Democratic Republic,2010,260.05,35.07,21.13,148.11,1741.3,LAO
Malaysia,2010,-0,0,0.21,-0,1741.3,MYS
Mongolia,2010,219.04,27.3,4.21,134.06,1741.3,MNG
Philippines,2010,450.61,-0,-0,262.07,1741.3,PHL
Thailand,2010,-0,-0,0.89,-0,1741.3,THA
Timor-Leste,2010,240.2,4.21,0.47,63.13,1741.3,TLS
Viet Nam,2010,1621.15,812.51,2.61,1155.88,1741.3,VNM
Afghanistan,2010,5618.78,135.26,110.45,4893.85,1741.3,AFG
Armenia,2010,198.92,19.4,1.91,183.92,1741.3,ARM
Azerbaijan,2010,67.26,34.36,15.68,53.32,1741.3,AZE
Bangladesh,2010,836.09,104.76,-0,499.99,1741.3,BGD
Bhutan,2010,64.22,6.88,0.69,35.06,1741.3,BTN
Georgia,2010,377,50.96,14.61,321.75,1741.3,GEO
India,2010,1954.81,221.51,1.28,1852.36,1741.3,IND
Kazakhstan,2010,107.98,0,48.27,94.7,1741.3,KAZ
Kyrgyzstan,2010,159.8,42.59,58.05,116.62,1741.3,KGZ
Maldives,2010,47.53,14.98,4.77,31.36,1741.3,MDV
Myanmar,2010,230.47,0,-0,133.82,1741.3,MMR
Nepal,2010,444.27,124.88,1.34,267.93,1741.3,NPL
Pakistan,2010,2449.54,195.89,157.07,2040.55,1741.3,PAK
Sri Lanka,2010,350.07,89.84,3.01,192.68,1741.3,LKA
Tajikistan,2010,154.66,58.68,5.03,127.63,1741.3,TJK
Turkmenistan,2010,13.92,0,12.07,11.81,1741.3,TKM
Uzbekistan,2010,88.4,30.7,34.36,49.04,1741.3,UZB
Iran,2010,69.56,0,12.04,52.58,1741.3,IRN
Iraq,2010,2146.92,57.16,29.97,2010.38,1741.3,IRQ
Jordan,2010,463.1,-0,109.29,428.36,1741.3,JOR
Lebanon,2010,257.61,0,48.57,207.15,1741.3,LBN
Oman,2010,7.49,0,-0,7.14,1741.3,OMN
Syrian Arab Republic,2010,49.84,-0,-0,31.45,1741.3,SYR
West Bank and Gaza Strip,2010,1622.77,0,111.64,1206.99,1741.3,PSE
Yemen,2010,272.57,123.15,79.31,225.05,1741.3,YEM
Cook Islands,2010,14.36,0,0,0.03,1741.3,COK
Fiji,2010,56.59,0,0.41,19.09,1741.3,FJI
Kiribati,2010,19.73,0,0.08,2.9,1741.3,KIR
Marshall Islands,2010,22.48,0,0.02,20.84,1741.3,MHL
Nauru,2010,24.66,0,0,1.31,1741.3,NRU
Niue,2010,15.52,0,0,0.04,1741.3,NIU
Palau,2010,27.79,0,0,27.05,1741.3,PLW
Papua New Guinea,2010,407.43,4.42,0,22.1,1741.3,PNG
Samoa,2010,82.69,21.54,0,23.29,1741.3,WSM
Solomon Islands,2010,275.55,0.05,-0,13.43,1741.3,SLB
Tokelau,2010,16.04,0,0,0,1741.3,TKL
Tonga,2010,52.48,6.94,0,20.36,1741.3,TON
Tuvalu,2010,11.77,0,0,3.63,1741.3,TUV
Vanuatu,2010,103.21,-0,0,37.3,1741.3,VUT
Wallis and Futuna,2010,110.66,0,0,110.61,1741.3,WLF
Albania,2011,179.22,10.87,2.77,105.03,1777.5,ALB
Belarus,2011,73.85,0,2.62,30.01,1777.5,BLR
Bosnia and Herzegovina,2011,253.23,14.63,10.73,83.96,1777.5,BIH
Croatia,2011,0,0,0,0,1777.5,HRV
North Macedonia,2011,69.17,-0,5.33,48.38,1777.5,MKD
Moldova,2011,96.55,47.3,20.54,52.54,1777.5,MDA
Montenegro,2011,26.05,3.83,5.69,15.32,1777.5,MNE
Serbia,2011,232.02,21.72,14.93,145.79,1777.5,SRB
Turkey,2011,342.43,-0,-0,292.79,1777.5,TUR
Ukraine,2011,415.41,0,14.55,322.15,1777.5,UKR
Algeria,2011,103.84,0,0.19,89.24,1777.5,DZA
Egypt,2011,191.22,-0,98.72,112.43,1777.5,EGY
Libya,2011,462.59,0,96.99,374.26,1777.5,LBY
Morocco,2011,754.4,-0,22.03,681.87,1777.5,MAR
Tunisia,2011,416.51,-0,15.01,318.83,1777.5,TUN
Angola,2011,117.39,6.58,0.22,89.48,1777.5,AGO
Benin,2011,408.37,58.2,-0,313.65,1777.5,BEN
Botswana,2011,94.12,-0,7.21,89.12,1777.5,BWA
Burkina Faso,2011,394.96,197.76,1.16,217.45,1777.5,BFA
Burundi,2011,240.12,85.8,0.47,128.9,1777.5,BDI
Cabo Verde,2011,190.37,-0,-0,31.34,1777.5,CPV
Cameroon,2011,284.28,65.87,-0,266.16,1777.5,CMR
Central African Republic,2011,90.78,48.08,0.26,69.19,1777.5,CAF
Chad,2011,234.93,3.81,-0,190.01,1777.5,TCD
Comoros,2011,23.65,2.35,0.7,23.43,1777.5,COM
Congo,2011,154.14,22.84,0.38,151.85,1777.5,COG
C�te d'Ivoire,2011,630.51,149.12,2.26,592.39,1777.5,CIV
Democratic Republic of the Congo,2011,3921.83,355.55,-0,3457.06,1777.5,COD
Djibouti,2011,77,0.7,5.84,75.08,1777.5,DJI
Equatorial Guinea,2011,18.05,-0,-0,4.76,1777.5,GNQ
Eritrea,2011,26.69,11.21,3.06,18.02,1777.5,ERI
Ethiopia,2011,1811.99,642.14,13.64,1521.62,1777.5,ETH
Gabon,2011,51.77,0,1.41,51.43,1777.5,GAB
Gambia,2011,29.88,9.99,1.35,22.22,1777.5,GMB
Ghana,2011,843.3,381.02,0.18,675.43,1777.5,GHA
Guinea,2011,73.89,18.02,0.34,65.28,1777.5,GIN
Guinea-Bissau,2011,44.11,10.24,0.11,23.84,1777.5,GNB
Kenya,2011,1509.96,149.14,4.5,1245,1777.5,KEN
Lesotho,2011,144.7,15,2.61,127.58,1777.5,LSO
Liberia,2011,475.93,56.62,0.1,330.88,1777.5,LBR
Madagascar,2011,207.42,39.98,3.2,178.82,1777.5,MDG
Malawi,2011,412.93,63.9,-0,315.09,1777.5,MWI
Mali,2011,721.72,135.86,2.85,510.2,1777.5,MLI
Mauritania,2011,110.75,30.08,10.95,78.8,1777.5,MRT
Mauritius,2011,96.85,-0,-0,95.35,1777.5,MUS
Mayotte,2011,0,0,0,0,1777.5,MYT
Mozambique,2011,1536.93,86.41,1.83,833.54,1777.5,MOZ
Namibia,2011,229.25,0,1,204.74,1777.5,NAM
Niger,2011,274.75,92.8,4.44,184.89,1777.5,NER
Nigeria,2011,830.07,583.1,0.92,790.62,1777.5,NGA
Rwanda,2011,552.49,260.98,7.88,390.59,1777.5,RWA
Saint Helena,2011,70.06,0,0,70.06,1777.5,SHN
Sao Tome and Principe,2011,32.69,17.02,0,5.67,1777.5,STP
Senegal,2011,521.88,155.26,7.3,418.02,1777.5,SEN
Seychelles,2011,5.43,0,4.63,3.54,1777.5,SYC
Sierra Leone,2011,152.37,54.61,4.49,128.17,1777.5,SLE
Somalia,2011,662.53,0,82.88,378.34,1777.5,SOM
South Africa,2011,1012.88,0,0.87,892.79,1777.5,ZAF
South Sudan,2011,338.44,0,0.69,209.91,1777.5,SSD
Sudan,2011,1267.69,-0,17.52,1025.67,1777.5,SDN
Eswatini,2011,65.6,-0,3.52,61.43,1777.5,SWZ
Tanzania,2011,1532.45,233.03,6.62,997.56,1777.5,TZA
Togo,2011,285.36,50.39,0.33,75.86,1777.5,TGO
Uganda,2011,935.63,154.57,2.04,669.27,1777.5,UGA
Zambia,2011,656.2,65.03,4.95,461.49,1777.5,ZMB
Zimbabwe,2011,509.43,0,0.07,353.76,1777.5,ZWE
Anguilla,2011,0.34,0,0,0.34,1777.5,AIA
Antigua and Barbuda,2011,8.28,0,0.05,7.31,1777.5,ATG
Barbados,2011,0,0,0,0,1777.5,BRB
Belize,2011,5.34,0,-0,4.01,1777.5,BLZ
Costa Rica,2011,24.41,-0,0.43,17.37,1777.5,CRI
Cuba,2011,53.37,0,0.52,27.45,1777.5,CUB
Dominica,2011,6.47,0.24,-0,5.58,1777.5,DMA
Dominican Republic,2011,166.74,-0,0.08,118.71,1777.5,DOM
El Salvador,2011,252.65,-0,0.28,195.2,1777.5,SLV
Grenada,2011,6.85,1.19,-0,5.94,1777.5,GRD
Guatemala,2011,259.46,0,0.66,145.7,1777.5,GTM
Haiti,2011,1127.57,57.61,1,960.27,1777.5,HTI
Honduras,2011,147.29,119.81,1.28,103.88,1777.5,HND
Jamaica,2011,-0,0,-0,-0,1777.5,JAM
Mexico,2011,821.47,0,1.49,827.65,1777.5,MEX
Montserrat,2011,39.32,0,0,39.32,1777.5,MSR
Nicaragua,2011,297.17,45.31,59.3,116.71,1777.5,NIC
Panama,2011,71.44,0,0.25,64.68,1777.5,PAN
Saint Kitts and Nevis,2011,1.03,-0,-0,0.21,1777.5,KNA
Saint Lucia,2011,1.91,4.3,4.26,0.22,1777.5,LCA
Saint Vincent and the Grenadines,2011,0.66,0.42,-0,-0,1777.5,VCT
Trinidad and Tobago,2011,0,0,0,0,1777.5,TTO
Argentina,2011,54.72,0,0.81,53.78,1777.5,ARG
Bolivia,2011,376.42,38.26,0.07,168.16,1777.5,BOL
Brazil,2011,539.26,0,1.7,444.97,1777.5,BRA
Chile,2011,52.51,-0,0.52,49.57,1777.5,CHL
Colombia,2011,912.03,-0,0.95,774.28,1777.5,COL
Ecuador,2011,121.56,-0,0.79,67.43,1777.5,ECU
Guyana,2011,58.48,0.7,0.04,29.39,1777.5,GUY
Paraguay,2011,46.64,-0,0.21,23.09,1777.5,PRY
Peru,2011,495.05,0,0.62,391.64,1777.5,PER
Suriname,2011,56.86,0,0.01,13.43,1777.5,SUR
Uruguay,2011,0.75,0,0.96,-0,1777.5,URY
Venezuela,2011,29.36,0,0.32,27.56,1777.5,VEN
Cambodia,2011,432.12,31.16,7.88,230.37,1777.5,KHM
China (People's Republic of),2011,566.21,-0,-0,487.33,1777.5,CHN
Democratic People's Republic of Korea,2011,34.38,0,22.54,8.75,1777.5,PRK
Indonesia,2011,184.11,-0,-0,-0,1777.5,IDN
Lao People's Democratic Republic,2011,232.2,25.25,15.78,90.74,1777.5,LAO
Malaysia,2011,25.68,0,0.31,18.34,1777.5,MYS
Mongolia,2011,233.13,49.6,0.9,160.68,1777.5,MNG
Philippines,2011,-0,-0,-0,-0,1777.5,PHL
Thailand,2011,-0,-0,0.35,-0,1777.5,THA
Timor-Leste,2011,207.87,1.5,0.25,67.86,1777.5,TLS
Viet Nam,2011,1697.62,890.92,7.43,1209.36,1777.5,VNM
Afghanistan,2011,5734.33,137.45,148.29,5054.76,1777.5,AFG
Armenia,2011,182.32,28.09,5.61,164.83,1777.5,ARM
Azerbaijan,2011,147.99,42.16,19.01,125.71,1777.5,AZE
Bangladesh,2011,964.26,95.49,-0,620.12,1777.5,BGD
Bhutan,2011,57.68,30.86,0.38,27.8,1777.5,BTN
Georgia,2011,311.18,33.51,6.55,259.95,1777.5,GEO
India,2011,1705.13,727.39,1.3,1607.63,1777.5,IND
Kazakhstan,2011,25.39,0,109.65,19.15,1777.5,KAZ
Kyrgyzstan,2011,164.71,63.98,62.25,133.8,1777.5,KGZ
Maldives,2011,17.47,4.11,4.91,4.81,1777.5,MDV
Myanmar,2011,237.6,0,-0,141.43,1777.5,MMR
Nepal,2011,430.76,136.49,0.44,254.78,1777.5,NPL
Pakistan,2011,2493.8,631.51,217.48,2288.85,1777.5,PAK
Sri Lanka,2011,316.37,122.26,6.42,177.73,1777.5,LKA
Tajikistan,2011,136.79,24.27,8.96,114.79,1777.5,TJK
Turkmenistan,2011,13.2,0,10.26,11.78,1777.5,TKM
Uzbekistan,2011,50.59,32.85,11.32,22.68,1777.5,UZB
Iran,2011,65.24,0,8.39,54.09,1777.5,IRN
Iraq,2011,1815.83,37.98,23.97,1727.33,1777.5,IRQ
Jordan,2011,525.18,-0,230.96,472.39,1777.5,JOR
Lebanon,2011,245.52,0,26.6,197.17,1777.5,LBN
Oman,2011,0,0,0,0,1777.5,OMN
Syrian Arab Republic,2011,76.11,-0,94.72,54.39,1777.5,SYR
West Bank and Gaza Strip,2011,1460.49,0,74.37,1077.83,1777.5,PSE
Yemen,2011,289.39,-0,65.38,246.02,1777.5,YEM
Cook Islands,2011,19.52,0,0.01,-0,1777.5,COK
Fiji,2011,50.95,0,0.29,17.6,1777.5,FJI
Kiribati,2011,48.99,0.18,0,3.51,1777.5,KIR
Marshall Islands,2011,89.5,0,0,87.36,1777.5,MHL
Nauru,2011,29.36,0,0.01,1.38,1777.5,NRU
Niue,2011,19.06,0,0,0.05,1777.5,NIU
Palau,2011,24.53,0,0.02,23.16,1777.5,PLW
Papua New Guinea,2011,441.03,12.56,0.04,14.83,1777.5,PNG
Samoa,2011,49.91,0.84,0.01,15.42,1777.5,WSM
Solomon Islands,2011,236.95,3.89,-0,19.01,1777.5,SLB
Tokelau,2011,19.42,0,0,0,1777.5,TKL
Tonga,2011,54.79,11.06,0.04,15.12,1777.5,TON
Tuvalu,2011,22.44,0,2.52,10.87,1777.5,TUV
Vanuatu,2011,73.77,-0,0.06,11.97,1777.5,VUT
Wallis and Futuna,2011,103.93,0,0,103.83,1777.5,WLF
Albania,2012,145.71,13.11,24.74,80.27,1823.3,ALB
Belarus,2012,58.03,0,2.24,32.8,1823.3,BLR
Bosnia and Herzegovina,2012,200.64,-0,12.72,94.1,1823.3,BIH
Croatia,2012,0,0,0,0,1823.3,HRV
North Macedonia,2012,74.9,-0,9.02,55.66,1823.3,MKD
Moldova,2012,119.43,67.28,21.72,72.9,1823.3,MDA
Montenegro,2012,30.67,2.32,8.61,18.69,1823.3,MNE
Serbia,2012,152.43,4.75,12.63,112.07,1823.3,SRB
Turkey,2012,111.69,-0,-0,57.45,1823.3,TUR
Ukraine,2012,407.91,0,15.84,316.37,1823.3,UKR
Algeria,2012,92.1,0,-0,75.93,1823.3,DZA
Egypt,2012,280.25,-0,458.89,216.95,1823.3,EGY
Libya,2012,99.58,0,2.34,77.64,1823.3,LBY
Morocco,2012,818.9,-0,-0,699.95,1823.3,MAR
Tunisia,2012,370.78,-0,50.15,340.41,1823.3,TUN
Angola,2012,130.95,33.5,0.78,104.92,1823.3,AGO
Benin,2012,242.84,67.86,4.42,148.46,1823.3,BEN
Botswana,2012,64.23,-0,0.32,56.24,1823.3,BWA
Burkina Faso,2012,485.85,199.51,2.84,305.52,1823.3,BFA
Burundi,2012,206.16,96.02,0.25,104.07,1823.3,BDI
Cabo Verde,2012,204.72,10.86,0.56,19.48,1823.3,CPV
Cameroon,2012,241.51,81.05,-0,213.27,1823.3,CMR
Central African Republic,2012,66.51,39.21,0.3,49.98,1823.3,CAF
Chad,2012,237.65,-0,0.69,199.98,1823.3,TCD
Comoros,2012,27.51,2.33,10.79,26.79,1823.3,COM
Congo,2012,45.96,27.51,0.88,42.09,1823.3,COG
C�te d'Ivoire,2012,1921.27,99.43,7.69,1528.44,1823.3,CIV
Democratic Republic of the Congo,2012,1542.59,354.22,0.72,1246.48,1823.3,COD
Djibouti,2012,75.14,5.09,8.45,73.36,1823.3,DJI
Equatorial Guinea,2012,12.19,-0,-0,3.42,1823.3,GNQ
Eritrea,2012,12.83,1.05,49.91,9.42,1823.3,ERI
Ethiopia,2012,1711.15,701.68,14.51,1427.42,1823.3,ETH
Gabon,2012,55.04,0,-0,54.92,1823.3,GAB
Gambia,2012,26.13,26.9,1.55,21.47,1823.3,GMB
Ghana,2012,778.74,337.32,6.01,587.56,1823.3,GHA
Guinea,2012,132.75,48.86,-0,122.08,1823.3,GIN
Guinea-Bissau,2012,35.21,9.41,0.54,20.31,1823.3,GNB
Kenya,2012,1626.76,178.12,4.34,1389.61,1823.3,KEN
Lesotho,2012,159.01,-0,4.14,145.2,1823.3,LSO
Liberia,2012,321.34,38.33,0.04,237.3,1823.3,LBR
Madagascar,2012,172.36,43.25,1.79,148.62,1823.3,MDG
Malawi,2012,585.47,146.03,0.06,478.18,1823.3,MWI
Mali,2012,713.04,63.65,0.46,538.1,1823.3,MLI
Mauritania,2012,151.65,34.71,47.23,135.92,1823.3,MRT
Mauritius,2012,78.09,-0,-0,77.04,1823.3,MUS
Mayotte,2012,0,0,0,0,1823.3,MYT
Mozambique,2012,1369.1,206,0.29,809.9,1823.3,MOZ
Namibia,2012,199.83,0,-0,184.47,1823.3,NAM
Niger,2012,386.76,104.29,2.74,276.24,1823.3,NER
Nigeria,2012,863.55,444.44,2.29,834.18,1823.3,NGA
Rwanda,2012,407.63,87.86,1.29,286.2,1823.3,RWA
Saint Helena,2012,148.14,0,0,148.14,1823.3,SHN
Sao Tome and Principe,2012,26.07,5.48,0.03,4.92,1823.3,STP
Senegal,2012,650.87,126.68,-0,550.01,1823.3,SEN
Seychelles,2012,5.08,0,10.77,4.35,1823.3,SYC
Sierra Leone,2012,168.16,59.87,2.48,142.44,1823.3,SLE
Somalia,2012,610.53,0,68.75,444.82,1823.3,SOM
South Africa,2012,711.91,0,0.94,650.32,1823.3,ZAF
South Sudan,2012,969.55,0,0.7,716.76,1823.3,SSD
Sudan,2012,832.09,0,68.8,701.84,1823.3,SDN
Eswatini,2012,56.64,-0,3.2,53.38,1823.3,SWZ
Tanzania,2012,1651.07,494.33,14.63,1160.11,1823.3,TZA
Togo,2012,101.11,34.12,3.22,48.66,1823.3,TGO
Uganda,2012,881.33,172.58,0.71,654.83,1823.3,UGA
Zambia,2012,624.5,72.86,-0,475.26,1823.3,ZMB
Zimbabwe,2012,617.84,0,0.1,469.68,1823.3,ZWE
Anguilla,2012,0.48,0,0,0.48,1823.3,AIA
Antigua and Barbuda,2012,1.43,0,0.03,0.96,1823.3,ATG
Barbados,2012,0,0,0,0,1823.3,BRB
Belize,2012,3.71,0,-0,3.46,1823.3,BLZ
Costa Rica,2012,20.57,0,0.52,17.4,1823.3,CRI
Cuba,2012,48.11,0,6.7,27.68,1823.3,CUB
Dominica,2012,14.32,-0,-0,14,1823.3,DMA
Dominican Republic,2012,182.01,-0,0.1,169.11,1823.3,DOM
El Salvador,2012,217.62,-0,0.29,180.68,1823.3,SLV
Grenada,2012,0.97,2.9,0.01,0.24,1823.3,GRD
Guatemala,2012,249.35,0,0.57,168.49,1823.3,GTM
Haiti,2012,796.2,78.17,0.39,703.19,1823.3,HTI
Honduras,2012,180.63,70.74,6.19,139.51,1823.3,HND
Jamaica,2012,0.89,0,-0,-0,1823.3,JAM
Mexico,2012,361.86,0,1.42,356.28,1823.3,MEX
Montserrat,2012,29.68,0,0,29.68,1823.3,MSR
Nicaragua,2012,225.7,50.87,7.73,124.92,1823.3,NIC
Panama,2012,36.33,0,0.15,34.75,1823.3,PAN
Saint Kitts and Nevis,2012,2.61,-0,0.02,2.34,1823.3,KNA
Saint Lucia,2012,0.99,0,0.9,0.52,1823.3,LCA
Saint Vincent and the Grenadines,2012,0.01,1.05,-0,-0,1823.3,VCT
Trinidad and Tobago,2012,0,0,0,0,1823.3,TTO
Argentina,2012,55.8,0,2.03,53.86,1823.3,ARG
Bolivia,2012,305.43,43.5,0.14,132.93,1823.3,BOL
Brazil,2012,989.77,0,1.73,802.47,1823.3,BRA
Chile,2012,95.62,0,0.42,64.98,1823.3,CHL
Colombia,2012,684.51,0,1.11,581.85,1823.3,COL
Ecuador,2012,115.31,-0,0.73,56.45,1823.3,ECU
Guyana,2012,29.27,0.9,0.18,28.55,1823.3,GUY
Paraguay,2012,42.54,-0,0.15,24.29,1823.3,PRY
Peru,2012,318.9,0,0.67,235.66,1823.3,PER
Suriname,2012,20.84,0,0.02,13.33,1823.3,SUR
Uruguay,2012,4.81,0,0.88,2.81,1823.3,URY
Venezuela,2012,29.2,0,0.26,26.62,1823.3,VEN
Cambodia,2012,548.4,33.85,2.64,331.53,1823.3,KHM
China (People's Republic of),2012,264.69,-0,-0,130.88,1823.3,CHN
Democratic People's Republic of Korea,2012,35.75,0,16.28,14.75,1823.3,PRK
Indonesia,2012,21.01,-0,-0,-0,1823.3,IDN
Lao People's Democratic Republic,2012,244.04,44.13,12.96,120.69,1823.3,LAO
Malaysia,2012,8.96,0,0.91,21.86,1823.3,MYS
Mongolia,2012,331.86,21.59,9.34,255,1823.3,MNG
Philippines,2012,49.11,-0,0.24,-0,1823.3,PHL
Thailand,2012,-0,0,0.39,-0,1823.3,THA
Timor-Leste,2012,179.13,8.48,0.21,45.61,1823.3,TLS
Viet Nam,2012,2154.69,1013.7,9.9,1618.15,1823.3,VNM
Afghanistan,2012,5368.81,157.55,220.82,4635.76,1823.3,AFG
Armenia,2012,104.73,43.27,6.33,91.03,1823.3,ARM
Azerbaijan,2012,175.4,24.43,13.27,158.57,1823.3,AZE
Bangladesh,2012,1151.94,405.37,-0,806,1823.3,BGD
Bhutan,2012,64.2,34.16,0.96,31.56,1823.3,BTN
Georgia,2012,347.81,68.73,10.1,298.89,1823.3,GEO
India,2012,1250.27,-0,1.77,1151.31,1823.3,IND
Kazakhstan,2012,39.12,0,38.1,33.31,1823.3,KAZ
Kyrgyzstan,2012,133.19,49.5,102.91,103.43,1823.3,KGZ
Maldives,2012,14.45,5.16,5.03,7.54,1823.3,MDV
Myanmar,2012,288.6,0,-0,166.6,1823.3,MMR
Nepal,2012,465.21,133.66,0.82,274.88,1823.3,NPL
Pakistan,2012,1485.8,323.41,113.49,1312.77,1823.3,PAK
Sri Lanka,2012,292.31,87.6,-0,168.77,1823.3,LKA
Tajikistan,2012,148.13,8.14,20.1,119.74,1823.3,TJK
Turkmenistan,2012,14.25,0,11.02,12.36,1823.3,TKM
Uzbekistan,2012,70.88,44.57,6.71,46.8,1823.3,UZB
Iran,2012,98.35,0,9.55,83.27,1823.3,IRN
Iraq,2012,1044.99,54.58,18.83,953.53,1823.3,IRQ
Jordan,2012,867.67,-0,50.08,818.11,1823.3,JOR
Lebanon,2012,536.47,0,6.02,495.28,1823.3,LBN
Oman,2012,0,0,0,0,1823.3,OMN
Syrian Arab Republic,2012,477,0,767.55,359.22,1823.3,SYR
West Bank and Gaza Strip,2012,1004.32,0,175.84,669.59,1823.3,PSE
Yemen,2012,386.81,18.57,44.13,326.18,1823.3,YEM
Cook Islands,2012,16.78,0,0.03,0.26,1823.3,COK
Fiji,2012,69.36,0,0.25,18.58,1823.3,FJI
Kiribati,2012,49.39,0.82,0,12.84,1823.3,KIR
Marshall Islands,2012,86.79,0,0,80.44,1823.3,MHL
Nauru,2012,22.03,0,3.27,1.28,1823.3,NRU
Niue,2012,17.74,0,0,0.07,1823.3,NIU
Palau,2012,11.94,0,0.01,6.7,1823.3,PLW
Papua New Guinea,2012,423.06,21.52,0,7.96,1823.3,PNG
Samoa,2012,70.23,2.61,0.02,12.59,1823.3,WSM
Solomon Islands,2012,218.11,5.96,-0,12.41,1823.3,SLB
Tokelau,2012,18.03,0,0,0.01,1823.3,TKL
Tonga,2012,53.02,5.94,4.62,10.91,1823.3,TON
Tuvalu,2012,18.72,0.25,0.01,2.96,1823.3,TUV
Vanuatu,2012,80.46,-0,0.03,12.57,1823.3,VUT
Wallis and Futuna,2012,103.02,0,0,102.9,1823.3,WLF
