year,recipient_iso3,pmm_fh,pmm_polity,gdp,pop,unemp,disaster,civilwar
2008,ALB,5,9,11127823666,2947314,13.06,0,0
2008,BLR,1.5,-7,52976989869,9527985,6.42,5.463254628,0
2008,BIH,4.5,8,17556851231,3754261,23.41,0,0
2008,HRV,6,9,65515772483,4309705,8.53,1.000000003,0
2008,MKD,5,9,9139223354,2067309,33.76,0,0
2008,MDA,4,8,6928263863,2867964,3.98,2.999999998,0
2008,MNE,5,8,4280841227,616969,17.15,0,0
2008,SRB,5,8,42681933020,7350222,13.71,0.999999994,0
2008,TUR,5,7,752918000000,70418612,9.71,0,1
2008,UKR,5.5,7,153670000000,46258189,6.36,37.99999998,0
2008,DZA,2.5,2,153155000000,34730604,11.33,92.99999978,1
2008,EGY,2.5,-3,198965000000,79636081,8.52,97.99999968,0
2008,LBY,1,-7,71765417108,6058740,18.51,0,0
2008,MAR,3.5,-6,86135221236,31536807,9.57,38.99999997,0
2008,TUN,2,-4,41299756347,10414425,12.44,0,0
2008,AGO,2.5,-2,79581318823,21695636,3.63,7,0
2008,BEN,6,7,9126270155,8696915,0.85,15.00000007,0
2008,BWA,6,8,12754003612,1915636,16.35,0,0
2008,BFA,4,0,9054059809,14689725,3.62,6,0
2008,BDI,3.5,6,1862084400,8126104,1.63,9.000000043,1
2008,CPV,7,10,1661358044,480846,10.31,0,0
2008,CMR,2,-4,24758949260,19252674,3.31,9.00000001,0
2008,CAF,3,-1,1885822821,4273368,4.12,0,0
2008,TCD,1.5,-2,9014843655,11183589,1.32,0,1
2008,COM,4.5,9,847614597.4,657227,5.59,0,0
2008,COG,2.5,-4,10703326376,4011487,16.52,0,0
2008,CIV,2.5,0,23647271500,19605568,5.88,5.999999997,0
2008,COD,2,5,19575662525,60411195,3.29,35.99999997,1
2008,DJI,3,2,2345288465,816361,11.1,0,0
2008,GNQ,1,-5,17675587976,860839,8.06,0,0
2008,ERI,1.5,-7,1497342774,3062782,6.44,0,0
2008,ETH,3,1,24444156129,82916236,2.24,45.00000088,1
2008,GAB,3,-4,13403585248,1518538,18.44,0,0
2008,GMB,3.5,-5,1366133637,1689288,9.05,0,0
2008,GHA,6.5,8,28461199739,23563832,4.79,0,0
2008,GIN,2,-1,6612974822,9738796,4.21,0,0
2008,GNB,4,6,785939943.8,1446936,2.86,0,0
2008,KEN,4.5,7,35717358968,39791984,2.66,65.00000266,0
2008,LSO,5.5,8,2149925019,1987130,27.76,0,0
2008,LBR,4.5,6,1788340491,3607863,2.11,0,0
2008,MDG,4.5,7,10332370458,19996476,3.34,104.9999997,0
2008,MWI,4,6,6011380928,13727899,5.65,0,0
2008,MLI,5.5,7,9684351571,14113578,10.23,0,1
2008,MRT,2.5,-5,5479795126,3296237,9.51,0,0
2008,MUS,6.5,10,9276625562,1244121,7.17,0,0
2008,MYT,4,4,27819050421,9527985,6.4,5.445280189,0
2008,MOZ,5,6,9807041557,22276596,2.95,31.50000013,0
2008,NAM,6,6,10748473716,2043382,21.48,42.00000023,0
2008,NER,4.5,6,7091729840,15250913,1.22,7.000000009,1
2008,NGA,3.5,4,309769000000,150269622,3.59,0,0
2008,RWA,2.5,-3,5367563908,9524532,0.88,35.99999993,0
2008,SHN,5.5,6,18067581907,7631003,3.6,37.99999998,0
2008,STP,6,7,179985584.3,171122,15.26,0,0
2008,SEN,5,8,15174956642,12004700,9.85,1,0
2008,SYC,5,9,925654158.7,86956,7.16,0,0
2008,SLE,5,7,2371580994,6133599,3.67,0,0
2008,SOM,1,0,80264693647,11397188,12.94,0,1
2008,ZAF,6,9,369967000000,49779472,22.41,16.99999264,0
2008,SSD,5.5,8,13177336585,8736932,12.15,17.00000005,0
2008,SDN,1,-4,61441457716,33060844,14.8,0,1
2008,SWZ,2,-9,4210638653,1049948,27.45,0,0
2008,TZA,4.5,-1,28599598807,41853944,2.61,72.99999941,0
2008,TGO,3,-4,3062704427,6083417,3.08,5.999999994,0
2008,UGA,3.5,-1,23540420945,30431734,2.92,48.9999995,1
2008,ZMB,5,7,16822344541,12848531,7.93,9.000000029,0
2008,ZWE,1.5,-4,8982303319,12379553,4.67,12,0
2008,AIA,4,7,194130000000,73762519,13.93,0,0
2008,ATG,6,6,1415794528,85394,10.62,0,0
2008,BRB,7,10,4884000000,279946,8.12,0,0
2008,BLZ,6.5,10,1334118125,306822,8.18,8.000000283,0
2008,CRI,7,10,36057631674,4463123,4.78,7.999999938,0
2008,CUB,1.5,-7,61927474920,11236975,1.58,10.00000029,0
2008,DMA,7,9,496331523.2,70829,7.17,0,0
2008,DOM,6,8,49248221332,9458079,4.76,2.000000024,0
2008,SLV,5.5,7,18452523787,6131767,5.88,35.99999999,0
2008,GRD,6.5,10,829856141.3,105457,8.96,0,0
2008,GTM,4.5,8,39348488187,13739299,3.08,62.00000106,0
2008,HTI,3.5,5,11403034357,9646570,16.06,697.9995734,0
2008,HND,5,7,15650167710,7980955,3.16,66.99999962,0
2008,JAM,5.5,9,14025498715,2781869,10.33,12.99999997,0
2008,MEX,5.5,8,1062460000000,110815272,3.87,48.03188916,0
2008,MSR,6.5,10,27133804225,2750956,12.15,17.00000005,0
2008,NIC,4.5,9,8674353607,5667436,6.2,30.0000001,0
2008,PAN,6.5,9,27477507118,3516204,3.48,32.99999923,0
2008,KNA,7,9,797096217.1,48178,8.52,0.999999992,0
2008,LCA,7,8,1505888983,170011,12.72,0,0
2008,VCT,6.5,10,719975884,108401,18.79,0,0
2008,TTO,6,10,22430354184,1314449,4.22,2.000000734,0
2008,ARG,6,8,408877000000,40080159,7.84,11,0
2008,BOL,5,8,18257962435,9721457,2.6,37.49999966,0
2008,BRA,6,8,2056810000000,192030362,7.34,352.0000245,0
2008,CHL,7,10,209752000000,16708255,9.29,10,0
2008,COL,4.5,7,271147000000,44254972,11.27,147,1
2008,ECU,5,5,66808366776,14535740,3.92,65.999999,0
2008,GUY,5.5,6,3184413030,746815,11.05,0,0
2008,PRY,5,8,24581700568,6081296,4.42,0.99999964,0
2008,PER,5.5,9,134706000000,28562321,3.82,60,1
2008,SUR,6,8,4032182695,517122,8.56,1.99999998,0
2008,URY,7,10,35847289440,3340221,8.03,0,0
2008,VEN,4,5,412339000000,27635827,6.25,16.99999968,0
2008,KHM,2.5,2,10600425244,13883835,0.83,0,0
2008,CHN,1.5,-7,5029290000000,1324655000,4.6,88938.2175,1
2008,PRK,1,-9,53860175556,24310143,2.69,0,0
2008,IDN,5.5,8,679403000000,235469755,7.21,131.9999996,0
2008,LAO,1.5,-7,6109448405,6046630,0.85,5.999999993,0
2008,MYS,4,6,241039000000,27236003,3.34,6.999999966,0
2008,MNG,6,10,6846094436,2631899,5.57,52.0000004,0
2008,PHL,4.5,8,191359000000,90901967,3.72,323.9999974,1
2008,THA,3.5,4,319474000000,66530980,1.18,39.00000003,1
2008,TLS,4.5,7,732447776.5,1055428,3.11,0,0
2008,VNM,2,-7,103356000000,86243424,1.8,198.4999988,0
2008,AFG,2.5,4,11421973771,27722281,11.11,0,1
2008,ARM,3,5,10548246992,2907615,13.51,1.2218441310000001,0
2008,AZE,2.5,-7,46165839005,8763400,5.86,0,1
2008,BGD,4,-6,103951000000,144304164,4.29,68.00000002,0
2008,BTN,3.5,3,1295386119,671611,3.68,0,0
2008,GEO,4,6,11959954703,3848449,17.87,0,1
2008,IND,5.5,9,1431810000000,1200669762,5.36,1734.947159,1
2008,KAZ,2.5,-6,136339000000,15776938,6.63,6.010787804,0
2008,KGZ,3.5,3,4681938955,5318700,8.22,80.00000068,0
2008,MDV,4,4,2600891738,343448,9.71,0,0
2008,MMR,1,-8,42506544782,49929642,0.71,138366.4963,1
2008,NPL,4,6,14605251496,26666581,1.33,114.9999992,0
2008,PAK,3.5,5,169563000000,171648984,0.42,248.9999999,1
2008,LKA,4,6,50721102373,19983984,5.22,47.99999991,1
2008,TJK,2.5,-3,5098960779,7209924,11.43,0,0
2008,TKM,1,-9,19491562208,4935765,4.94,0.894653883,0
2008,UZB,1,-9,40151366329,27302800,4.89,0,0
2008,IRN,2,-6,455541000000,72120608,10.48,58.00000021,1
2008,IRQ,2,-7,125926000000,28385739,8.4,4.999999982,1
2008,JOR,3,-3,25251357245,6556473,12.7,0,0
2008,LBN,3.5,7,32299474785,4764745,7.45,0,0
2008,OMN,2.5,-8,52730900886,2750956,4.14,0,0
2008,SYR,1.5,-7,43630549585,20664037,10.94,0,0
2008,PSE,5.5,9,8428419115,3591977,22.91,0,0
2008,YEM,3,-2,27628287079,21892149,12.17,90.00000051,0
2008,COK,5,7,864017000000,145924795,11.11,1144.999974,0
2008,FJI,3,-4,3093253760,845356,3.91,7.000000001,0
2008,KIR,7,8,156321846.4,98760,7.21,0,0
2008,MHL,7,9,145737814.6,56166,8.12,0,0
2008,NRU,7,8,39240729.32,9880,6.77,12.00000018,0
2008,NIU,5,7,14372591916,9930916,2.02,0,0
2008,PLW,7,8,198632922.2,18708,8.14,0,0
2008,PNG,4.5,4,12116170365,6976200,2,10,0
2008,WSM,6,8,693336597.3,183270,5.18,0,0
2008,SLB,4.5,8,760184982,503366,1.85,0,0
2008,TKL,6,8,4160296612,281107,10.62,0,0
2008,TON,4,0,383874011.7,103384,1.31,0,0
2008,TUV,7,9,34234035.6,10315,7.47,7.999999938,0
2008,VUT,6,9,642838337.5,224700,4.31,0,0
2008,WLF,3.5,-6,60300321143,16081915,12.7,0,0
2009,ALB,6,10,11500613162,2927519,13.67,0,0
2009,BLR,1,-7,53082941364,9506765,6.1,5.418402902,0
2009,BIH,3,-4,17029363373,3735945,24.07,0,0
2009,HRV,7,10,60717700435,4305181,9.2,1.000000002,0
2009,MKD,1.5,-9,9106448741,2069030,32.18,1.000000016,0
2009,MDA,5.5,10,6512568011,2864346,6.4,0,0
2009,MNE,4,6,4032762451,618294,19.09,0,0
2009,SRB,1.5,-7,41515968466,7320807,16.14,0,0
2009,TUR,5,8,716604000000,71321406,12.55,58.00000006,1
2009,UKR,5,7,130990000000,46053331,8.84,0,0
2009,DZA,5.5,10,155606000000,35333882,10.16,48.00000019,1
2009,EGY,4,6,208264000000,81134789,9.09,2.000000043,0
2009,LBY,1,-9,71198368527,6133987,18.95,0,0
2009,MAR,1.5,-9,89790590993,31929087,8.96,30.00000013,0
2009,TUN,5,8,42556693819,10525691,13.29,16.9999999,0
2009,AGO,4,6,80264693647,22514275,3.78,62.00000006,1
2009,BEN,5.5,7,9337935021,8944713,0.97,9.999999989,0
2009,BWA,4.5,7,11778027692,1953495,16.17,0,0
2009,BFA,2,-5,9322236611,15141098,4.23,9.000000003,0
2009,BDI,4,-1,1933080966,8397661,1.75,0,0
2009,CPV,7,9,1640251720,486667,10.62,2.999999994,0
2009,CMR,4.5,8,25303315390,19789922,3.77,0,0
2009,CAF,1.5,-7,2047763337,4337623,4.34,3.99999999,1
2009,TCD,3.5,-1,9395062315,11560142,1.5,5.999999992,1
2009,COM,4,6,874739223.3,673251,6.19,2.000000007,0
2009,COG,5,9,11948903384,4145400,16.1,0,0
2009,CIV,3,5,24416151588,20059147,6.41,27.00000012,0
2009,COD,2.5,1,20134560220,62448572,3.7,0,0
2009,DJI,3.5,5,1337019313,827820,11.46,0,0
2009,GNQ,6,9,17913034099,901589,8.37,0,0
2009,ERI,3,-6,1555387289,3119920,6.72,0,0
2009,ETH,5.5,7,26595865977,85233923,2.35,0,1
2009,GAB,1,-7,13421054291,1568925,19.59,0,0
2009,GMB,2,-7,1457196339,1740277,9.36,4.999999963,0
2009,GHA,2.5,-6,29839998860,24170943,5.14,40.00000006,0
2009,GIN,3.5,5,6538734824,9964470,4.42,2.000000001,0
2009,GNB,5.5,8,812418063.7,1483920,3.05,0,0
2009,KEN,1.5,-2,36898510533,40901798,2.83,36,0
2009,LSO,4.5,7,2122932396,1990135,27.5,0,0
2009,LBR,4,8,1883132183,3754129,2.24,1.999999999,0
2009,MDG,2.5,-6,9921275541,20569115,3.88,27.00000005,0
2009,MWI,6,9,6512015361,14128161,5.89,4,0
2009,MLI,4,6,10149812717,14581427,9.28,24.99999993,1
2009,MRT,4.5,9,5485158523,3393408,9.81,1,0
2009,MUS,4.5,7,9584152842,1247429,7.26,0,0
2009,MYT,4,7,12621419531,2825932,19.03,3631.997548,0
2009,MOZ,3.5,5,10426669785,22894718,3.17,12.50000002,0
2009,NAM,6,10,10780286075,2081039,21.99,91.99999902,0
2009,NER,1.5,-7,7230912194,15843131,0.91,3,0
2009,NGA,2,-6,334665000000,154324939,3.75,31,1
2009,RWA,1.5,-7,5702943253,9782770,1.02,0,1
2009,SHN,2.5,-6,231892000000,29360827,8.1,10.99999993,0
2009,STP,6,9,184352542.7,175877,15.12,0,0
2009,SEN,4.5,7,15592587304,12335092,10.25,6.000000002,0
2009,SYC,7,8,915423405.1,87298,10.16,0,0
2009,SLE,3.5,-1,2447188210,6272735,3.99,102.9999996,0
2009,SOM,2,4,30168134365,11717691,13.32,0,1
2009,ZAF,5,7,364276000000,50477013,23.52,34.99999997,0
2009,SSD,5,6,13841690704,9142258,12.52,0,0
2009,SDN,1,-9,63433296122,33783779,13,20.00000004,1
2009,SWZ,4.5,7,4276537205,1057462,27.39,0,0
2009,TZA,4,1,30106541769,43073830,2.5,28.99999993,0
2009,TGO,2.5,-6,3232314271,6250840,2.8,0,0
2009,UGA,1,-7,25141526759,31411096,3.6,0,1
2009,ZMB,1,-7,18373423318,13215142,10.5,31.00000021,0
2009,ZWE,5,7,10061936650,12526964,5.03,0,0
2009,AIA,1,-6,66074572472,7261541,17.63,68.00000002,0
2009,ATG,7,8,1246427315,86743,10.66,0,0
2009,BRB,7,10,4636000000,281107,10.02,0,0
2009,BLZ,7,9,1337019313,314655,8.43,0,0
2009,CRI,7,10,35742684148,4520739,7.71,22.00000066,0
2009,CUB,4,6,62826231727,11226711,1.67,3.000000029,0
2009,DMA,7,9,490526476.1,70848,7.57,0,0
2009,DOM,3.5,-1,49714185923,9576736,5.47,10.00000001,0
2009,SLV,3.5,-2,18067581907,6157678,7.33,118.9999918,0
2009,GRD,6,10,774975419.9,105787,8.41,0,0
2009,GTM,5,9,39536140383,14000190,3.36,1.999999954,0
2009,HTI,5.5,9,12122895415,9798046,15.9,21.00000004,0
2009,HND,6,8,15269613869,8150780,3.29,7.999999994,0
2009,JAM,6,10,13416048458,2795839,11.36,0,0
2009,MEX,6,10,1006300000000,112463886,5.36,49.00000071,0
2009,MSR,5.5,6,28487963591,9524532,2.27,35.99999999,0
2009,NIC,6.5,9,8388790341,5745538,8.16,0.999999993,0
2009,PAN,7,10,27819050421,3579215,3.68,0.999999992,0
2009,KNA,7,9,764830622.5,48599,11.27,0.999999858,0
2009,LCA,7,10,1463288897,172223,15.37,0,0
2009,VCT,6,7,704862568.8,108293,19.25,0,0
2009,TTO,3,-3,21445273759,1320921,4.03,0,0
2009,ARG,4,6,384677000000,40482786,8.65,21.99999999,0
2009,BOL,3,5,18870882464,9884790,2.86,0,0
2009,BRA,6.5,8,2054220000000,193886505,8.52,167.0000007,0
2009,CHL,6,8,206471000000,16886184,11.31,3.000000002,0
2009,COL,5.5,7,274237000000,44750054,12.07,139.0000002,1
2009,ECU,5,9,67186830557,14774412,4.61,33.00000067,0
2009,GUY,2,-7,3307887391,747718,11.69,0,0
2009,PRY,4.5,8,24517508572,6163970,5.46,0.999999923,0
2009,PER,5,8,136182000000,28792663,3.73,225.9999982,1
2009,SUR,2.5,-7,4153700530,523113,8.72,0,0
2009,URY,6,9,37368467080,3349676,7.74,1,0
2009,VEN,2,-6,399135000000,28031010,6.1,9.000000052,0
2009,KHM,3,4,10609615491,14093605,0.58,19.00000003,0
2009,CHN,5,7,5501980000000,1331260000,4.7,579.050168,0
2009,PRK,4,6,27133804225,24428340,2.87,0,0
2009,IDN,6,9,710852000000,238620554,6.11,1496.999762,0
2009,LAO,5,7,6567765473,6148621,0.81,26.00000011,0
2009,MYS,1.5,-6,237391000000,27735038,3.69,5.999999995,0
2009,MNG,4.5,10,6759244954,2673794,5.86,25.9999998,0
2009,PHL,4.5,7,194130000000,92414161,3.86,1144.999974,1
2009,THA,1.5,-7,317267000000,66866834,0.93,18.00000001,1
2009,TLS,4.5,6,805616566.6,1074286,3.27,0,0
2009,VNM,4.5,7,108935000000,87092250,1.74,360.5000016,0
2009,AFG,4.5,7,13865194314,28394806,11.46,100.9999999,1
2009,ARM,4,6,9060944166,2888094,18.44,1.200393719,0
2009,AZE,5,7,50491150983,8947243,5.74,0,0
2009,BGD,5.5,6,109195000000,145924795,5,23,0
2009,BTN,4.5,4,1382803098,678329,3.96,22.99999984,0
2009,GEO,1,-4,11523354926,3814419,20.71,1.999999993,0
2009,IND,2,-7,1544380000000,1217726217,5.61,1650.188873,1
2009,KAZ,2.5,-9,137975000000,16092822,6.55,4.914822261,0
2009,KGZ,6.5,8,4817073505,5383300,8.41,26.00000021,0
2009,MDV,6.5,10,2412877397,353391,11.7,0,0
2009,MMR,1,-7,46990989123,50250366,0.78,23.99999997,1
2009,NPL,4.5,6,15267319043,26883531,1.64,126.9999999,0
2009,PAK,5,6,174364000000,175525610,0.54,102,1
2009,LKA,4.5,8,52516077579,20123508,5.85,4.000000012,1
2009,TJK,3.5,5,5297820308,7364752,11.5,21.00000009,0
2009,TKM,6,9,20680547525,5007953,4.54,0.920821467,0
2009,UZB,1,-7,43383926063,27767400,5,0,0
2009,IRN,5,9,460130000000,72924833,11.97,0,1
2009,IRQ,1,-7,130182000000,28973157,8.49,2,1
2009,JOR,3,-1,26519912222,6893258,12.9,0,0
2009,LBN,2,-4,35604407295,4813026,6.36,0,0
2009,OMN,1,-9,55954022116,2876186,3.84,0,0
2009,SYR,5,6,35847289440,21205873,8.14,0,0
2009,PSE,3,-6,9152714543,3689099,20.45,0,0
2009,YEM,2.5,2,28696460069,22516464,12.71,11.00000002,0
2009,COK,2,-4,11500613162,3494200,19.63,1.999999993,0
2009,FJI,5,8,3050380096,853636,4.2,15.00000004,0
2009,KIR,7,10,157576722.4,100928,8.41,0,0
2009,MHL,7,10,150378872.8,56255,11.51,0,0
2009,NRU,7,10,42808068.35,9945,12.35,0,0
2009,NIU,2.5,-7,216408000000,90901967,5.03,131.9999996,0
2009,PLW,7,8,185542094.2,18290,15.26,0,0
2009,PNG,4,5,12940121017,7144774,2.06,19,0
2009,WSM,6,8,659999075,184553,5.48,147.9999836,0
2009,SLB,6,9,779620029.5,515182,2.02,20.99999967,0
2009,TKL,6,8,237391000000,46258189,8.15,68.00000002,0
2009,TON,6.5,7,363915983.2,103897,1.56,8.999999769,0
2009,TUV,7,8,32716491.68,10413,10.62,7.00000012,0
2009,VUT,6,10,662362919.3,230244,4.57,0,0
2009,WLF,1.5,-8,11474677065,4145400,19.33,47.99999991,0
2010,ALB,3,3,11926928506,2913021,14.09,1.999999976,0
2010,BLR,3.5,5,57222490769,9490583,6.11,3.596249948,0
2010,BIH,4.5,8,17176781337,3705478,27.31,2.999999999,0
2010,HRV,6.5,9,59918313669,4295427,11.62,1.000000011,0
2010,MKD,6,8,9412311666,2070737,32.02,0,0
2010,MDA,6,10,6974960345,2861487,7.45,1,0
2010,MNE,1.5,-8,4143033276,619428,19.65,0,0
2010,SRB,2.5,-2,41819468692,7291436,19.22,5.000000037,0
2010,TUR,3.5,3,776993000000,72326992,10.66,64.00000011,1
2010,UKR,5,8,136013000000,45870741,8.1,6,0
2010,DZA,5.5,6,161207000000,35977451,9.96,0,1
2010,EGY,3.5,-5,218984000000,82761244,8.76,61.99999992,0
2010,LBY,1.5,-1,74773444901,6197667,19.03,0,0
2010,MAR,5.5,9,93216746662,32343384,9.09,41.99999994,0
2010,TUN,3.5,0,44050929160,10635245,13.05,0,0
2010,AGO,4.5,7,83799496611,23356247,9.43,25.00000005,0
2010,BEN,2,-1,9535345011,9199254,1.04,46.00000018,0
2010,BWA,6,10,12786654498,1987106,17.86,0,0
2010,BFA,5,8,10109618964,15605211,4.68,15.99999997,0
2010,BDI,6,7,2032135191,8675606,1.74,8.999999956,0
2010,CPV,4,5,1664310770,492644,10.67,0,0
2010,CMR,1,-7,26169323293,20341236,4.11,12.99999999,0
2010,CAF,5,9,2142591539,4386765,4.38,2.999999997,1
2010,TCD,3,-6,10668102735,11952134,1.59,24.00000011,1
2010,COM,3.5,-3,907978731.7,689696,6.6,0,0
2010,COG,5,9,13135580695,4273738,13.95,0,0
2010,CIV,2.5,-1,24908781285,20532944,6.71,17.99999997,0
2010,COD,3.5,5,21565720044,64563853,3.98,45.99999999,0
2010,DJI,4.5,7,1128611700,840194,11.52,0,0
2010,GNQ,5,10,16314443429,943640,8.42,0,0
2010,ERI,1.5,-6,1589515447,3170437,6.76,0,0
2010,ETH,1.5,-4,29933790334,87639962,2.34,19,1
2010,GAB,4.5,9,14372591916,1624146,20.39,0,0
2010,GMB,2,-8,1543292393,1793199,9.41,8.999999893,0
2010,GHA,6,9,32197272797,24779614,5.32,63.00000019,0
2010,GIN,1.5,-7,6853467858,10192168,4.45,8.000000009,0
2010,GNB,4.5,9,849878424.2,1522603,3.08,1.999999999,0
2010,KEN,4,6,40000088347,42030684,2.86,224.0000347,0
2010,LSO,1,-4,2234731974,1995575,26.81,0,0
2010,LBR,5,8,1998000000,3891357,2.27,1.000000002,0
2010,MDG,6,10,9982711030,21151640,4.28,0,0
2010,MWI,4.5,8,6959655571,14539609,5.94,0,0
2010,MLI,2.5,-6,10689167195,15049352,8.07,0,0
2010,MRT,4.5,8,5628882266,3494200,9.86,0,1
2010,MUS,2.5,2,10003670690,1250400,7.65,0,0
2010,MYT,5.5,7,12917367180,9813219,3.58,0,0
2010,MOZ,5,9,11104648673,23531567,3.25,5.000000004,0
2010,NAM,6.5,9,11431334447,2118877,22.1,8.000000045,0
2010,NER,2.5,2,7851191899,16464025,0.58,4.999999999,0
2010,NGA,4.5,5,361457000000,158503203,3.77,40.00000001,0
2010,RWA,4.5,6,6121234529,10039338,1.07,21.00000006,1
2010,SHN,5,7,1544380000000,199287292,4.57,449.0000113,0
2010,STP,7,10,196652514.3,180372,14.64,0,0
2010,SEN,5,6,16121314671,12678143,10.34,2.000000001,0
2010,SYC,6.5,9,969936525.3,89770,11.59,0,0
2010,SLE,6.5,9,2578026297,6415636,4.16,15.99999994,0
2010,SOM,5.5,8,29839998860,12043886,13.39,10.99999997,1
2010,ZAF,3,-6,375349000000,51216967,24.68,20,0
2010,SSD,4,7,14602072411,9508372,12.58,0,0
2010,SDN,5.5,7,65633998265,34545014,15.17,36.00000002,1
2010,SWZ,5,8,4438778547,1064841,26.82,0,0
2010,TZA,3.5,5,32014249841,44346532,2.98,9.000000005,0
2010,TGO,3.5,-1,3429461495,6421674,2.39,22.00000004,0
2010,UGA,2.5,-6,26558908398,32428164,3.61,388.0000192,1
2010,ZMB,3,-6,20265559484,13605986,13.19,8.99999999,0
2010,ZWE,1,-9,12041655200,12697728,5.22,0,0
2010,AIA,4.5,7,63275999127,12894323,2.86,41.99999994,0
2010,ATG,6,8,1148700000,88030,11.31,0,0
2010,BRB,6,8,4530000000,282131,10.69,0,0
2010,BLZ,6.5,9,1377177083,322465,8.45,0,0
2010,CRI,2.5,2,37658614803,4577371,7.17,51.00000158,0
2010,CUB,2.5,-6,64328000000,11225833,2.5,4.00000003,0
2010,DMA,7,10,493825925.9,70877,6.1,3.000004232,0
2010,DOM,4.5,8,53860175556,9695117,5.21,8.999999952,0
2010,SLV,1.5,-9,18447920000,6183877,4.89,12.00000018,0
2010,GRD,7,10,771013259.3,106227,8.22,0,0
2010,GTM,4.5,8,40676432029,14259687,3.5,2.999999963,0
2010,HTI,4,6,11661585823,9949318,15.34,222658.3065,0
2010,HND,5,8,15839344592,8317467,4.12,143.9999989,0
2010,JAM,6,10,13220556883,2810464,12.37,0,0
2010,MEX,7,9,1057800000000,114092961,5.3,193.3878488,0
2010,MSR,7,10,52516077579,6563238,6.31,2.000000043,0
2010,NIC,2,-6,8758639096,5824058,7.83,77.00000047,0
2010,PAN,6.5,10,29440300000,3642691,3.71,7.999999886,0
2010,KNA,7,10,760170370.4,49011,7.74,8.000000283,0
2010,LCA,6.5,9,1486758037,174092,17.11,0,0
2010,VCT,7,9,681225925.9,108260,19.32,0,0
2010,TTO,5,10,22157948396,1328144,4.03,4.999999809,0
2010,ARG,5,6,423627000000,40788453,7.71,6.999999992,0
2010,BOL,1,-8,19649631308,10048597,2.55,26.00000012,0
2010,BRA,7,10,2208870000000,195713637,7.73,709.0000149,0
2010,CHL,6.5,10,218538000000,17062531,8.42,507.9999958,0
2010,COL,2.5,-3,286563000000,45222699,10.98,354.0000032,1
2010,ECU,3.5,-1,69555367000,15011114,4.09,44.99999982,0
2010,GUY,2.5,-8,3432913353,749430,12.05,0,0
2010,PRY,2.5,-8,27237782850,6248017,4.57,1.00000005,0
2010,PER,4,-1,147529000000,29027680,3.3,167.9999957,1
2010,SUR,2.5,-3,4368398048,529126,7.15,0,0
2010,URY,4.5,8,40284481652,3359273,7.16,0,0
2010,VEN,3.5,-1,393192000000,28439942,7.11,58.99999935,0
2010,KHM,2.5,-7,11242275199,14312205,0.77,7.999999988,0
2010,CHN,4.5,7,6087160000000,1337705000,4.5,7086.79205,0
2010,PRK,4,5,21731104173,24548840,2.9,0,0
2010,IDN,1.5,-8,755094000000,241834226,5.61,1294.000306,0
2010,LAO,6,7,7127792630,6249168,0.71,0,0
2010,MYS,4,6,255017000000,28208028,3.25,4.00000002,0
2010,MNG,1.5,-7,7189481824,2719902,6.55,11.00000024,0
2010,PHL,5,9,208369000000,93966784,3.61,41.00000008,1
2010,THA,3.5,5,341105000000,67195032,0.62,297.0000002,1
2010,TLS,3.5,1,881826900,1093517,3.3,0,0
2010,VNM,4,5,115932000000,87967655,1.11,211.0000001,0
2010,AFG,3,-5,15856574731,29185511,11.52,349.9999974,1
2010,ARM,2.5,0,9260284938,2877314,19.01,1.241965876,0
2010,AZE,3.5,5,52909294792,9054332,5.63,3,0
2010,BGD,2.5,-6,115279000000,147575433,3.38,107.0000001,0
2010,BTN,4,5,1547991318,685502,3.32,0,0
2010,GEO,1,-7,12243505583,3786695,20.2,2.000000001,0
2010,IND,2.5,-6,1675620000000,1234281163,5.65,990.4368701,1
2010,KAZ,3.5,3,148047000000,16321872,5.77,5.445280189,0
2010,KGZ,5,7,4794357795,5447900,8.64,10.99999993,0
2010,MDV,6.5,10,2588176055,365730,10.28,0,0
2010,MMR,1.5,2,51518307518,50600827,0.79,45.00000004,1
2010,NPL,1,-7,16002656434,27013207,1.88,149.9999992,0
2010,PAK,4.5,7,177166000000,179424643,0.65,2186.000015,1
2010,LKA,5,9,56725749222,20261738,4.78,36.99999998,0
2010,TJK,2,2,5642178580,7527397,10.85,75.00000014,1
2010,TKM,6,8,22583157895,5087211,4,0.951288028,0
2010,UZB,1.5,-9,46679875794,28562400,5.4,0.999999993,0
2010,IRN,3.5,-4,486808000000,73762519,13.52,19.99999912,1
2010,IRQ,1.5,-8,138517000000,29741977,8.34,0,1
2010,JOR,4.5,7,27133804225,7261541,12.5,2.00000005,0
2010,LBN,2.5,-7,38443907042,4953064,6.4,0,0
2010,OMN,7,9,56913065779,3041435,3.71,15.9999998,0
2010,SYR,2.5,-4,30106541769,21362541,8.61,0,0
2010,PSE,4.5,8,9681500000,3786161,21.42,0,0
2010,YEM,2,-6,30906749533,23154854,12.93,22.00000001,0
2010,COK,6,6,710852000000,114092961,11.97,222658.3065,0
2010,FJI,2,-7,3140508836,859816,4.32,1.999999999,0
2010,KIR,7,9,156120895.2,102930,9.43,0,0
2010,MHL,7,9,160407100,56361,11.31,0,0
2010,NRU,7,8,47564520.39,10009,7.97,16.9999999,0
2010,NIU,4.5,8,4276537205,678329,8.12,2.999999999,0
2010,PLW,6.5,7,185943000,17954,11.51,0,0
2010,PNG,1,-4,14250755231,7310512,2,0,0
2010,WSM,6.5,8,663161517.9,185944,5.6,0,0
2010,SLB,5.5,9,846797693.6,527861,1.64,2,0
2010,TKL,6,10,38777346378,8958406,5.17,27.00000012,0
2010,TON,6,9,366840012.4,103981,1.75,0,0
2010,TUV,7,9,31823518.62,10521,8.75,7.999999886,0
2010,VUT,4,3,670713208.1,236216,1.85,0,0
2010,WLF,3.5,3,6612974822,3848449,3.71,7.000000001,0
2011,ALB,1,-7,12230507222,2905195,13.48,0,0
2011,BLR,1.5,-7,60300321143,9473172,6.08,6.00596991,0
2011,BIH,2.5,2,17341594486,3661173,27.58,0,0
2011,HRV,3.5,6,59799454152,4280622,13.68,0,0
2011,MKD,1.5,-9,9632549033,2072484,31.38,0.999999999,0
2011,MDA,6,9,7380775145,2859833,6.68,0,0
2011,MNE,4.5,6,4276787738,620079,19.67,0,0
2011,SRB,2.5,-3,42671028784,7234099,22.97,1.000000007,0
2011,TUR,4.5,7,864017000000,73443254,8.8,656.0000077,1
2011,UKR,6,9,143447000000,45706086,7.85,0,0
2011,DZA,4.5,9,165882000000,36661438,9.96,10,1
2011,EGY,3,5,222848000000,84529251,11.85,1.999999984,0
2011,LBY,2.5,-3,28357141373,6247438,19.02,0,1
2011,MAR,1,-7,98106615022,32781860,8.91,0,0
2011,TUN,1,-7,43206166355,10741872,18.33,0,0
2011,AGO,2.5,-2,86708995310,24220660,7.36,129.9999994,0
2011,BEN,3.5,5,9817949078,9460829,2.65,0,0
2011,BWA,6,10,13560037580,2015406,17.85,0,0
2011,BFA,1.5,-4,10779134810,16081915,5.12,0,0
2011,BDI,1.5,-8,2114083126,8958406,1.7,11.99999998,0
2011,CPV,7,10,1730365372,498858,10.93,0,0
2011,CMR,5.5,7,27249927182,20906392,3.97,0,0
2011,CAF,3.5,5,2232465013,4418639,4.38,1,1
2011,TCD,5.5,6,10676943370,12360986,1.66,0,0
2011,COM,3.5,0,945204470.1,706578,6.98,0,0
2011,COG,5,9,13425341013,4394842,11.89,0,0
2011,CIV,4.5,6,23815969586,21028652,6.96,0,1
2011,COD,4,-1,23048292323,66755151,4.22,0,1
2011,DJI,6.5,10,13425341013,853671,11.51,0,0
2011,GNQ,5,7,17378785259,986861,8.42,0,0
2011,ERI,2.5,-8,1727482211,3213969,6.76,0,0
2011,ETH,3,-2,33279878090,90139928,2.3,0,1
2011,GAB,2.5,-7,15391860684,1684629,20.38,0,0
2011,GMB,4,6,1417815865,1848142,9.41,0,0
2011,GHA,6,9,36720063513,25387713,5.62,14,0
2011,GIN,4,7,7238091888,10420459,4.45,0,0
2011,GNB,4.5,7,918589222.8,1562996,3.08,0,0
2011,KEN,4,7,42443399231,43178270,2.86,32.99999956,0
2011,LSO,6,8,2337848144,2003793,26.04,26.00000036,0
2011,LBR,2,-4,2161851301,4017446,2.24,0,0
2011,MDG,4.5,7,10140281078,21743970,2.02,35.00000004,0
2011,MWI,3,4,7297481088,14962118,5.93,4.000000005,0
2011,MLI,1,-7,11032624437,15514593,6.9,1,0
2011,MRT,1.5,-4,5863763325,3598646,9.86,0,1
2011,MUS,1.5,-7,10411574172,1252404,7.45,0,0
2011,MYT,1,-7,8318842593,3848449,6.66,1,0
2011,MOZ,5.5,8,11928323142,24187500,3.3,23.00000006,0
2011,NAM,6,7,12013342334,2156698,19.33,107.9999999,0
2011,NER,5,6,8036303921,17114770,0.32,16.00000002,0
2011,NGA,4,6,380642000000,162805080,3.77,185.0000002,1
2011,RWA,5,6,6608387228,10293333,1.1,14.00000002,1
2011,SHN,3.5,-1,2334665710,5667436,2.24,2.999999999,0
2011,STP,7,10,205301689.1,184521,14.1,0,0
2011,SEN,1,2,16336387692,13033814,10.36,0,1
2011,SYC,7,8,1046438131,87441,9.36,0,0
2011,SLE,4.5,7,2740829819,6563238,4.29,21.00000003,0
2011,SOM,1,-2,43630549585,12376305,13.38,0,1
2011,ZAF,4.5,6,387677000000,52003759,24.64,65.99999997,0
2011,SSD,1,-8,13924490001,9830695,12.57,0,1
2011,SDN,6,9,65622965329,35349676,17.44,19.99999998,1
2011,SWZ,4.5,6,4538528100,1072029,26.15,0,0
2011,TZA,4.5,1,34470432851,45673520,3.47,36.99999991,0
2011,TGO,4.5,-1,3648885268,6595939,1.98,0,0
2011,UGA,4.5,6,29053229577,33476772,3.58,50.00000052,1
2011,ZMB,4,6,21393257280,14023199,10.34,0,0
2011,ZWE,1.5,-9,13750837258,12894323,5.37,0,0
2011,AIA,4.5,6,35975633172,7144774,7.65,10,0
2011,ATG,6,9,1126201417,89250,8.4,0,0
2011,BRB,6,10,4499500000,282987,11.19,0,0
2011,BLZ,6,7,1403630793,330236,8.4,0,0
2011,CRI,3.5,5,39316783581,4633086,10.14,3.999999999,0
2011,CUB,2.5,-4,66130664082,11236671,3.18,0,0
2011,DMA,7,8,492721974.7,70912,7.22,0,0
2011,DOM,5,9,55547842686,9813219,6.09,12.00000016,0
2011,SLV,5.5,8,19151773848,6210567,4.3,49.0000006,0
2011,GRD,7,10,776911332,106786,8.06,0,0
2011,GTM,2,-4,42370160782,14521515,3.12,75.00000173,0
2011,HTI,1.5,-6,12379266072,10100320,14.7,36.99999897,0
2011,HND,1.5,-7,16446892853,8480670,4.48,33.00000011,0
2011,JAM,2.5,2,13449322261,2825932,12.7,0,0
2011,MEX,6,9,1096550000000,115695468,5.17,120.7861037,0
2011,MSR,4.5,8,10703326376,3706555,12.7,0,0
2011,NIC,6,9,9311968296,5903035,6.45,18.00000003,0
2011,PAN,3,2,32771096568,3706479,2.31,4.99999987,0
2011,KNA,7,10,774069593.8,49442,15.12,0,0
2011,LCA,7,9,1568283096,175538,18.86,0,0
2011,VCT,5.5,6,678369571.7,108315,19.31,0,0
2011,TTO,6,8,22092725498,1336180,3.43,1.000000564,0
2011,ARG,2.5,-6,449062000000,41261490,7.18,1.999999996,0
2011,BOL,5.5,6,20672216286,10212951,2.22,52.0000004,0
2011,BRA,6,8,2296660000000,197514541,6.92,3631.997548,0
2011,CHL,1,-5,231892000000,17233584,7.34,1.000000002,0
2011,COL,6,9,306473000000,45662747,10.11,692.0000096,1
2011,ECU,2.5,-7,75028081292,15243885,3.46,34.00000084,0
2011,GUY,3.5,5,3616203677,752029,12.35,0,0
2011,PRY,1.5,-9,28405295331,6333981,4.67,1.999999783,0
2011,PER,3,-4,156863000000,29264314,3.27,74.50000018,0
2011,SUR,6.5,10,4623921716,535177,7.54,0,0
2011,URY,5,8,42364020185,3368926,6.31,0,0
2011,VEN,1.5,-7,409614000000,28887873,6.9,29.00000003,0
2011,KHM,4,7,12037055708,14541421,0.58,247.0000017,0
2011,CHN,4.5,6,6668540000000,1344130000,4.5,843.9371525,0
2011,PRK,4.5,0,5642178580,24673392,2.9,74.00000026,0
2011,IDN,6,10,801682000000,245115988,5.15,128.9999995,0
2011,LAO,2,-6,7700771123,6347564,0.71,48.00000018,0
2011,MYS,1,-8,268517000000,28650962,3.05,28.00000056,0
2011,MNG,6,9,8432599136,2770357,4.77,0,0
2011,PHL,5,8,216408000000,95570049,3.59,666.0000039,1
2011,THA,3,-2,343971000000,67518379,0.66,796.0000067,1
2011,TLS,2.5,-7,933017880.7,1113154,3.53,0,0
2011,VNM,4,-6,123166000000,88871384,1,138.000001,0
2011,AFG,1.5,-7,15924179996,30117411,11.51,61.99999998,1
2011,ARM,1.5,-6,9695518330,2876536,18.44,1.420451152,0
2011,AZE,6,8,52077032844,9173082,5.42,0,0
2011,BGD,3.5,0,122731000000,149273134,3.71,40.00000001,0
2011,BTN,4.5,8,1671561537,693297,3.23,0.999999999,0
2011,GEO,7,9,13149524980,3756441,19.63,7.000000009,0
2011,IND,2.5,-6,1763440000000,1250287939,5.65,824.7629692,1
2011,KAZ,1,-4,159003000000,16557202,5.39,5.497074454,0
2011,KGZ,4.5,8,5079922897,5514600,8.53,3.999999886,0
2011,MDV,6.5,10,2809898201,380493,8.86,0,0
2011,MMR,2,-4,54398944605,50990612,0.79,224.9999979,1
2011,NPL,4,-1,16550239852,27041220,2.11,140.0000003,0
2011,PAK,4,-1,182035000000,183340168,0.8,510.9999997,1
2011,LKA,2,-3,61493396998,20398496,4.12,64.99999945,0
2011,TJK,4.5,7,6059699828,7697507,10.16,0,1
2011,TKM,5,9,25902882089,5174076,4,1.06860584,0
2011,UZB,2.5,-4,50313860182,29339400,5,13,0
2011,IRN,6.5,9,499687000000,74634959,12.45,2.000000037,1
2011,IRQ,6,8,148970000000,30725305,8.15,6.000000001,1
2011,JOR,1,-4,27876505257,7662858,12.9,0,0
2011,LBN,4.5,9,38777346378,5202022,6.39,0,0
2011,OMN,6,8,58426309456,3251102,3.64,13.99999969,0
2011,SYR,3,5,9921275541,21081814,8.6,0,1
2011,PSE,3,-2,10611002274,3882986,17.6,0,0
2011,YEM,6.5,8,26977011030,23807586,13.08,0,0
2011,COK,4,5,103951000000,64563853,4.79,35.99999993,0
2011,FJI,4,6,3225464092,863451,4.41,0,0
2011,KIR,7,10,158610338.3,104735,9.87,0,0
2011,MHL,7,10,159424912.9,56524,8.52,0,0
2011,NRU,7,8,52320972.43,10069,8.15,1.999999998,0
2011,NIU,7,10,5485158523,281107,12.2,0,0
2011,PLW,7,8,198370840.4,17748,11.97,20.00000004,0
2011,PNG,5.5,7,14408588562,7472196,2.62,0,0
2011,WSM,6,10,690837857.3,187469,5.68,0,0
2011,SLB,4,-1,908377219,541522,1.28,0,0
2011,TKL,5,7,10003670690,2810464,11.97,0,0
2011,TON,6,8,391852177.5,103558,1.92,0,0
2011,TUV,7,8,34215359.71,10626,8.41,21.00000003,0
2011,VUT,6,7,691759344,242658,1.85,0,0
2011,WLF,2.5,-8,7435096950,3770635,12.71,5.463254628,0
2012,ALB,2.5,-6,12403877841,2900401,13.38,0,0
2012,BLR,6,8,61317669289,9464495,6.06,0,0
2012,BIH,2,-4,17199074937,3604972,28.01,0,0
2012,HRV,3.5,4,58369186194,4267558,15.94,0,0
2012,MKD,6,9,9588606960,2074275,31.02,0,0
2012,MDA,4.5,8,7337248195,2859458,5.58,0,0
2012,MNE,3,-4,4160296612,620601,19.97,0,0
2012,SRB,1.5,0,42380207644,7199077,24,1.000000004,0
2012,TUR,5.5,6,905390000000,74651046,8.15,15.00000002,1
2012,UKR,2.5,-7,143789000000,45593342,7.53,0,0
2012,DZA,6,9,171522000000,37383899,10.97,68.99999965,1
2012,EGY,2,-6,227809000000,86422240,12.6,5.000000013,0
2012,LBY,1.5,-9,63275999127,6285751,19.03,0,0
2012,MAR,4,1,101060000000,33241898,8.99,0,0
2012,TUN,1,-7,44972672129,10846993,17.63,0,0
2012,AGO,5.5,6,94115840393,25107925,7.37,0,0
2012,BEN,5,8,10290312533,9729254,2.65,4,0
2012,BWA,5,7,14164292445,2039551,17.86,0,0
2012,BFA,4.5,8,11474677065,16571252,5.58,18.00000002,0
2012,BDI,2.5,-7,2208090234,9245992,1.67,0,0
2012,CPV,6,8,1749086512,505241,11.21,0,0
2012,CMR,5.5,9,28487963591,21485267,3.84,25.00000001,0
2012,CAF,4.5,8,2345288465,4436411,4.38,0,1
2012,TCD,5.5,6,11625330987,12784748,1.73,20.00000002,0
2012,COM,4,6,975453592.6,723865,7.39,3.999999968,0
2012,COG,2,-5,14760780244,4510197,10,18.99999998,0
2012,CIV,6.5,8,26365827347,21547188,7.22,0,0
2012,COD,1,-8,24681701508,69020749,4.49,1,1
2012,DJI,2.5,-6,6853467858,868136,11.52,0,0
2012,GNQ,5.5,10,18823461406,1031191,8.43,0,0
2012,ERI,2.5,-9,65622965329,5667436,6.77,0,0
2012,ETH,5,7,36157859259,92726982,2.28,0,1
2012,GAB,1.5,-7,16200099128,1749677,20.4,1.000000002,0
2012,GMB,5,8,1492131666,1905020,9.42,0,0
2012,GHA,5,8,40132381684,25996454,5.93,0,0
2012,GIN,4,8,7666245932,10652032,4.45,0,0
2012,GNB,6,9,902856701.3,1604981,3.08,0,0
2012,KEN,3,-8,44380180300,44343469,2.86,72.99996456,0
2012,LSO,5,9,2485946655,2014988,25.3,0,0
2012,LBR,3.5,1,2334665710,4135662,2.21,0,0
2012,MDG,3.5,4,10445619788,22346641,0.6,34.99999977,0
2012,MWI,3.5,6,7435096950,15396010,5.94,2,0
2012,MLI,4,8,10940310648,15979492,6.62,0,1
2012,MRT,5.5,8,6125874318,3706555,9.87,0,0
2012,MUS,6,9,10775575125,1255882,7.47,0,0
2012,MYT,7,10,25303315390,3062782,9.71,0,0
2012,MOZ,4.5,9,12794133231,24862673,3.35,32.99999987,0
2012,NAM,3,-4,12621419531,2194777,16.77,0,0
2012,NER,4.5,-1,8884049167,17795209,2.18,91.0000018,0
2012,NGA,5,8,396744000000,167228803,3.74,377.9999962,1
2012,RWA,1.5,-4,7179451021,10549668,1.14,5.000000003,1
2012,SHN,1.5,-7,28696460069,2673794,20.2,36,0
2012,STP,7,8,211752219.9,188394,13.59,0,0
2012,SEN,4.5,7,16990332564,13401990,9.42,18.99999998,0
2012,SYC,7,9,1059631925,88303,12.57,0,0
2012,SLE,1,-9,3156936273,6712586,4.44,0,0
2012,SOM,5.5,8,36021655262,12715487,13.39,31.00000006,1
2012,ZAF,4.5,6,396257000000,52832659,24.73,15.99999985,0
2012,SSD,2.5,-4,7507789479,10113648,12.59,47.00000053,1
2012,SDN,4.5,6,66074572472,36193781,17.45,35.00000009,1
2012,SWZ,4.5,7,4783214188,1079285,25.52,0,0
2012,TZA,5,7,36021655262,47053033,3.19,9.999999998,0
2012,TGO,4.5,6,3887650332,6773807,2.05,0,0
2012,UGA,1,-7,30168134365,34558700,3.55,17.99999998,0
2012,ZMB,3.5,5,23018629943,14465148,7.85,0,0
2012,ZWE,5,8,16042473246,13115149,5.38,0,0
2012,AIA,2.5,-6,61493396998,16571252,5.48,31.00000021,0
2012,ATG,6,7,1164186684,90407,12.59,0,0
2012,BRB,7,9,4479000000,283698,11.59,0,0
2012,BLZ,6,6,1437547882,338001,8.38,0,0
2012,CRI,4,4,41236461855,4688003,9.78,7.00000012,0
2012,CUB,5,8,68124437665,11257112,3.46,17.00000033,0
2012,DMA,7,10,487504047.8,70954,6.42,0,0
2012,DOM,1,-9,57057281931,9930916,6.72,8.999999834,0
2012,SLV,3,-2,19690770418,6237922,3.84,1.000000015,0
2012,GRD,7,10,767936889.4,107452,15.26,0,0
2012,GTM,1.5,-9,43630549585,14781942,2.77,7.000000005,0
2012,HTI,1.5,-5,12447744029,10250922,14.1,55.00000029,0
2012,HND,3,-4,17125933704,8640692,3.75,0.999999858,0
2012,JAM,2.5,4,13366792373,2842128,13.93,0.999999999,0
2012,MEX,2.5,-8,1136490000000,117274156,4.89,37.74690073,0
2012,MSR,6,10,9684351571,3642691,9.42,1.999999976,0
2012,NIC,1,-9,9916943344,5982530,5.21,8.999999992,0
2012,PAN,6,9,35975633172,3770635,2.39,7.999999932,0
2012,KNA,7,9,756823228,49881,12.15,0,0
2012,LCA,6,9,1565148855,176654,19.06,0,0
2012,VCT,6,7,687745232.2,108435,19.33,0,0
2012,TTO,6,9,22373295239,1344814,3.72,0,0
2012,ARG,5,8,444453000000,41733271,7.22,4.000000008,0
2012,BOL,5,8,21731104173,10377677,2.05,12.99999999,0
2012,BRA,4.5,6,2340780000000,199287292,7.19,77.50000123,0
2012,CHL,3.5,6,244226000000,17400359,6.66,1,0
2012,COL,3.5,-4,318464000000,46075721,9.74,173,1
2012,ECU,2.5,-8,79261137178,15474099,3.24,52.00000222,0
2012,GUY,2.5,-7,3810837161,755388,12.67,0,0
2012,PRY,1.5,-7,28204173594,6421510,4.09,10.99999906,0
2012,PER,3.5,3,166494000000,29506790,2.94,70.50000039,0
2012,SUR,7,10,4748321396,541247,8.1,0,0
2012,URY,4.5,6,43862934926,3378975,6.45,0,0
2012,VEN,3,5,432658000000,29360827,6.6,21.99999948,0
2012,KHM,1,-8,12917367180,14780454,0.51,13.99999997,0
2012,CHN,1,-4,7192930000000,1350695000,4.6,842.0629814,0
2012,PRK,4.5,5,40000088347,24800638,2.9,147.0000001,0
2012,IDN,6,10,850024000000,248451714,4.47,90.99999996,0
2012,LAO,6,8,8318842593,6444527,0.71,0,0
2012,MYS,4,6,283214000000,29068189,3.04,5.999999988,0
2012,MNG,5.5,9,9471480158,2824698,3.91,0,0
2012,PHL,5,8,231334000000,97212639,3.5,449.0000113,1
2012,THA,4,6,368884000000,67835969,0.58,409.4999992,1
2012,TLS,5,8,989200214.8,1133002,3.77,0,0
2012,VNM,2.5,-4,129629000000,89801926,1.03,44.99999999,0
2012,AFG,2,-6,17954877146,31161378,11.52,333.0000057,1
2012,ARM,4.5,7,10393595650,2884239,17.3,2.000000016,0
2012,AZE,2,-2,53224258122,9295784,5.19,0,1
2012,BGD,2.5,-3,130735000000,151005733,4.06,272,0
2012,BTN,3.5,5,1757118757,701582,2.05,0,0
2012,GEO,7,10,13987019318,3728874,19.65,1.999999998,0
2012,IND,3.5,4,1859660000000,1265780243,5.66,334.1529185,1
2012,KAZ,3.5,5,166635000000,16792090,5.29,5.278781064,0
2012,KGZ,7,10,5075444934,5607200,8.43,12.00000012,0
2012,MDV,5,8,2880634127,397231,7.57,0,0
2012,MMR,4,5,58387839939,51413703,0.79,39.99999992,1
2012,NPL,4.5,-1,17284821172,26989160,2.36,83.00000005,0
2012,PAK,2.5,2,188419000000,187280125,1.7,670.9999999,1
2012,LKA,3.5,-5,67116705113,20425000,3.88,53.00000008,0
2012,TJK,2.5,-6,6514177283,7874838,9.5,2,0
2012,TKM,1,-8,28778101991,5267906,4,0.765209551,0
2012,UZB,3.5,-4,54024853523,29774500,4.9,3,0
2012,IRN,6,7,462488000000,75539881,12.63,323.9417544,0
2012,IRQ,4.5,5,169731000000,31890012,7.97,5.000000018,1
2012,JOR,6,10,28553725368,8089963,12.2,0,0
2012,LBN,4,5,39762501340,5537620,6.4,0,0
2012,OMN,4.5,7,63710994231,3498031,3.52,0,0
2012,SYR,5,7,66808366776,20438861,8.61,0,1
2012,PSE,1.5,-4,11257897418,3979998,19.2,0,0
2012,YEM,2.5,-6,27622540064,24473176,13.24,0,0
2012,COK,3,-4,75028081292,10525691,4.38,0,0
2012,FJI,5,9,3270985530,865065,4.42,2,0
2012,KIR,7,10,166086149.7,106359,12.57,0,0
2012,MHL,7,10,155765775.7,56712,11.85,0,0
2012,NRU,7,9,58266537.48,10136,9.43,0,0
2012,NIU,6.5,10,11431334447,397231,18.95,4.914822261,0
2012,PLW,6.5,7,201688796.2,17635,9.5,0,0
2012,PNG,2.5,-4,15079613764,7631003,2.63,65,0
2012,WSM,6,7,662591405.6,189089,8.75,11.99999994,0
2012,SLB,3,5,925277260.3,556066,0.96,0,0
2012,TKL,4,0,166494000000,46053331,3.87,4.000000008,0
2012,TON,6,9,395077523.4,102736,2.11,0,0
2012,TUV,7,8,32902944.45,10744,8.91,0,0
2012,VUT,6,7,698746320.3,249505,1.85,0,0
2012,WLF,5,8,11431334447,1250400,18.51,7.000000009,0
