recipient,year,dac,wb,non_dac,g7,wb_budget,recipient_iso3,pmm_fh,pmm_polity,gdp,pop,unemp,disaster,civilwar
Albania,2008,239.73,18.6,6.6,113.76,1637.1,ALB,5,9,11127823666,2947314,13.06,0,0
Belarus,2008,69.91,0,4,32.15,1637.1,BLR,1.5,-7,52976989869,9527985,6.42,5.463254628,0
Bosnia and Herzegovina,2008,293.35,15.43,13.25,109.13,1637.1,BIH,4.5,8,17556851231,3754261,23.41,0,0
Croatia,2008,49.2,0,0.37,29.28,1637.1,HRV,6,9,65515772483,4309705,8.53,1.000000003,0
North Macedonia,2008,137.03,-0,7.24,83.54,1637.1,MKD,5,9,9139223354,2067309,33.76,0,0
Moldova,2008,115.48,24.05,13.23,71.08,1637.1,MDA,4,8,6928263863,2867964,3.98,2.999999998,0
Montenegro,2008,61.23,14.39,3.66,39.98,1637.1,MNE,5,8,4280841227,616969,17.15,0,0
Serbia,2008,519.56,39.56,21.71,255.15,1637.1,SRB,5,8,42681933020,7350222,13.71,0.999999994,0
Turkey,2008,572,-0,4.67,450.52,1637.1,TUR,5,7,752918000000,70418612,9.71,0,1
Ukraine,2008,296.16,0,21.35,231.94,1637.1,UKR,5.5,7,153670000000,46258189,6.36,37.99999998,0
Algeria,2008,208.98,0,-0,140,1637.1,DZA,2.5,2,153155000000,34730604,11.33,92.99999978,1
Egypt,2008,973.88,-0,424.97,847.02,1637.1,EGY,2.5,-3,198965000000,79636081,8.52,97.99999968,0
Libya,2008,48.5,0,1.26,46.73,1637.1,LBY,1,-7,71765417108,6058740,18.51,0,0
Morocco,2008,529.63,-0,356.37,331.27,1637.1,MAR,3.5,-6,86135221236,31536807,9.57,38.99999997,0
Tunisia,2008,213.6,-0,-0,187.38,1637.1,TUN,2,-4,41299756347,10414425,12.44,0,0
Angola,2008,206.62,20.95,-0,113.7,1637.1,AGO,2.5,-2,79581318823,21695636,3.63,7,0
Benin,2008,277.67,87.18,3.87,168.88,1637.1,BEN,6,7,9126270155,8696915,0.85,15.00000007,0
Botswana,2008,668.78,-0,-0,660.88,1637.1,BWA,6,8,12754003612,1915636,16.35,0,0
Burkina Faso,2008,421.26,166.96,6.73,229.66,1637.1,BFA,4,0,9054059809,14689725,3.62,6,0
Burundi,2008,229.92,61.18,0.07,110.94,1637.1,BDI,3.5,6,1862084400,8126104,1.63,9.000000043,1
Cabo Verde,2008,147.23,17.02,0.4,45.19,1637.1,CPV,7,10,1661358044,480846,10.31,0,0
Cameroon,2008,264.06,27.39,9.11,243.03,1637.1,CMR,2,-4,24758949260,19252674,3.31,9.00000001,0
Central African Republic,2008,123.32,13.74,0.25,87.36,1637.1,CAF,3,-1,1885822821,4273368,4.12,0,0
Chad,2008,266.19,-0,2.74,184.25,1637.1,TCD,1.5,-2,9014843655,11183589,1.32,0,1
Comoros,2008,17.35,0.06,5.03,16.23,1637.1,COM,4.5,9,847614597.4,657227,5.59,0,0
Congo,2008,320.48,17.65,0.15,316.65,1637.1,COG,2.5,-4,10703326376,4011487,16.52,0,0
C�te d'Ivoire,2008,199.24,181.36,2.51,172.92,1637.1,CIV,2.5,0,23647271500,19605568,5.88,5.999999997,0
Democratic Republic of the Congo,2008,907.42,271.44,4.01,538.96,1637.1,COD,2,5,19575662525,60411195,3.29,35.99999997,1
Djibouti,2008,58.46,7.54,20.01,56.58,1637.1,DJI,3,2,2345288465,816361,11.1,0,0
Equatorial Guinea,2008,15.07,-0,0.02,3.98,1637.1,GNQ,1,-5,17675587976,860839,8.06,0,0
Eritrea,2008,46.24,27.63,7.94,28.21,1637.1,ERI,1.5,-7,1497342774,3062782,6.44,0,0
Ethiopia,2008,1816.7,509.8,32.61,1481.48,1637.1,ETH,3,1,24444156129,82916236,2.24,45.00000088,1
Gabon,2008,31.52,0,0.62,31.48,1637.1,GAB,3,-4,13403585248,1518538,18.44,0,0
Gambia,2008,27.17,7.62,4.17,20.93,1637.1,GMB,3.5,-5,1366133637,1689288,9.05,0,0
Ghana,2008,650.84,254.69,5.02,435.54,1637.1,GHA,6.5,8,28461199739,23563832,4.79,0,0
Guinea,2008,194.24,31.12,0.3,178.01,1637.1,GIN,2,-1,6612974822,9738796,4.21,0,0
Guinea-Bissau,2008,45.54,15.71,0.05,13.72,1637.1,GNB,4,6,785939943.8,1446936,2.86,0,0
Kenya,2008,948.28,106.39,3.23,720.77,1637.1,KEN,4.5,7,35717358968,39791984,2.66,65.00000266,0
Lesotho,2008,59.87,18.78,-0,39.88,1637.1,LSO,5.5,8,2149925019,1987130,27.76,0,0
Liberia,2008,816.32,4.29,0.82,663.83,1637.1,LBR,4.5,6,1788340491,3607863,2.11,0,0
Madagascar,2008,259.02,201.3,3.43,213.68,1637.1,MDG,4.5,7,10332370458,19996476,3.34,104.9999997,0
Malawi,2008,395.77,48.96,3.73,292.37,1637.1,MWI,4,6,6011380928,13727899,5.65,0,0
Mali,2008,481.1,105.61,-0,288.48,1637.1,MLI,5.5,7,9684351571,14113578,10.23,0,1
Mauritania,2008,125.97,41.58,23.78,93.21,1637.1,MRT,2.5,-5,5479795126,3296237,9.51,0,0
Mauritius,2008,13.74,-0,-0,15.18,1637.1,MUS,6.5,10,9276625562,1244121,7.17,0,0
Mayotte,2008,396.19,0,0,396.19,1637.1,MYT,4,4,27819050421,9527985,6.4,5.445280189,0
Mozambique,2008,1220.06,261.13,-0,622.27,1637.1,MOZ,5,6,9807041557,22276596,2.95,31.50000013,0
Namibia,2008,153.98,0,-0,113.86,1637.1,NAM,6,6,10748473716,2043382,21.48,42.00000023,0
Niger,2008,247.86,57.86,6.37,167.75,1637.1,NER,4.5,6,7091729840,15250913,1.22,7.000000009,1
Nigeria,2008,653.48,310.9,1.44,544.24,1637.1,NGA,3.5,4,309769000000,150269622,3.59,0,0
Rwanda,2008,423.45,130.86,0.99,273.56,1637.1,RWA,2.5,-3,5367563908,9524532,0.88,35.99999993,0
Saint Helena,2008,46.14,0,0.01,46.14,1637.1,SHN,5.5,6,18067581907,7631003,3.6,37.99999998,0
Sao Tome and Principe,2008,23.12,8.23,0.03,10.12,1637.1,STP,6,7,179985584.3,171122,15.26,0,0
Senegal,2008,501.52,124.61,38.84,363.2,1637.1,SEN,5,8,15174956642,12004700,9.85,1,0
Seychelles,2008,4.36,0,0.15,4.31,1637.1,SYC,5,9,925654158.7,86956,7.16,0,0
Sierra Leone,2008,151.81,47.4,-0,125.95,1637.1,SLE,5,7,2371580994,6133599,3.67,0,0
Somalia,2008,554.62,0,12.5,419.87,1637.1,SOM,1,0,80264693647,11397188,12.94,0,1
South Africa,2008,868.6,0,1.82,715.72,1637.1,ZAF,6,9,369967000000,49779472,22.41,16.99999264,0
South Sudan,2008,0,0,0,0,1637.1,SSD,5.5,8,13177336585,8736932,12.15,17.00000005,0
Sudan,2008,1807.55,-0,129.14,1393.98,1637.1,SDN,1,-4,61441457716,33060844,14.8,0,1
Eswatini,2008,17.79,-0,-0,15.63,1637.1,SWZ,2,-9,4210638653,1049948,27.45,0,0
Tanzania,2008,1253.27,393.55,-0,685.35,1637.1,TZA,4.5,-1,28599598807,41853944,2.61,72.99999941,0
Togo,2008,148.99,44.41,1.18,128.82,1637.1,TGO,3,-4,3062704427,6083417,3.08,5.999999994,0
Uganda,2008,964.61,168.37,0.93,588.58,1637.1,UGA,3.5,-1,23540420945,30431734,2.92,48.9999995,1
Zambia,2008,666.62,54.61,-0,403.7,1637.1,ZMB,5,7,16822344541,12848531,7.93,9.000000029,0
Zimbabwe,2008,526.3,0,-0,388.06,1637.1,ZWE,1.5,-4,8982303319,12379553,4.67,12,0
Anguilla,2008,0.07,0,0,0.07,1637.1,AIA,4,7,194130000000,73762519,13.93,0,0
Antigua and Barbuda,2008,0.52,0,0.6,0.42,1637.1,ATG,6,6,1415794528,85394,10.62,0,0
Barbados,2008,1.16,0,0.01,1,1637.1,BRB,7,10,4884000000,279946,8.12,0,0
Belize,2008,4.46,0,0.58,4.06,1637.1,BLZ,6.5,10,1334118125,306822,8.18,8.000000283,0
Costa Rica,2008,53.71,-0,0.24,33.08,1637.1,CRI,7,10,36057631674,4463123,4.78,7.999999938,0
Cuba,2008,82.3,0,4.28,30.52,1637.1,CUB,1.5,-7,61927474920,11236975,1.58,10.00000029,0
Dominica,2008,0.6,0.39,-0,0.53,1637.1,DMA,7,9,496331523.2,70829,7.17,0,0
Dominican Republic,2008,89.94,-0,0,45.17,1637.1,DOM,6,8,49248221332,9458079,4.76,2.000000024,0
El Salvador,2008,188.34,-0,0.25,98,1637.1,SLV,5.5,7,18452523787,6131767,5.88,35.99999999,0
Grenada,2008,1.24,0.77,0.83,1.1,1637.1,GRD,6.5,10,829856141.3,105457,8.96,0,0
Guatemala,2008,412.87,0,0.3,131.12,1637.1,GTM,4.5,8,39348488187,13739299,3.08,62.00000106,0
Haiti,2008,560.58,22.36,0.2,483.15,1637.1,HTI,3.5,5,11403034357,9646570,16.06,697.9995734,0
Honduras,2008,334.85,47.73,0.08,195.77,1637.1,HND,5,7,15650167710,7980955,3.16,66.99999962,0
Jamaica,2008,-0,0,-0,-0,1637.1,JAM,5.5,9,14025498715,2781869,10.33,12.99999997,0
Mexico,2008,119.79,0,0.76,127.53,1637.1,MEX,5.5,8,1062460000000,110815272,3.87,48.03188916,0
Montserrat,2008,26.58,0,0,26.58,1637.1,MSR,6.5,10,27133804225,2750956,12.15,17.00000005,0
Nicaragua,2008,503.59,26.4,0.04,208.2,1637.1,NIC,4.5,9,8674353607,5667436,6.2,30.0000001,0
Panama,2008,27.16,0,0.19,21.16,1637.1,PAN,6.5,9,27477507118,3516204,3.48,32.99999923,0
Saint Kitts and Nevis,2008,28.44,-0,-0,28.43,1637.1,KNA,7,9,797096217.1,48178,8.52,0.999999992,0
Saint Lucia,2008,-0,0.99,-0,-0,1637.1,LCA,7,8,1505888983,170011,12.72,0,0
Saint Vincent and the Grenadines,2008,9.06,0.7,-0,8.83,1637.1,VCT,6.5,10,719975884,108401,18.79,0,0
Trinidad and Tobago,2008,3.43,0,0.1,3.3,1637.1,TTO,6,10,22430354184,1314449,4.22,2.000000734,0
Argentina,2008,77,0,0.02,49.46,1637.1,ARG,6,8,408877000000,40080159,7.84,11,0
Bolivia,2008,470.56,23.12,0.28,260.98,1637.1,BOL,5,8,18257962435,9721457,2.6,37.49999966,0
Brazil,2008,336.54,0,1.51,283.25,1637.1,BRA,6,8,2056810000000,192030362,7.34,352.0000245,0
Chile,2008,73.83,-0,1.12,35.38,1637.1,CHL,7,10,209752000000,16708255,9.29,10,0
Colombia,2008,953.79,-0,0.69,801.29,1637.1,COL,4.5,7,271147000000,44254972,11.27,147,1
Ecuador,2008,181.58,-0,0.28,71.19,1637.1,ECU,5,5,66808366776,14535740,3.92,65.999999,0
Guyana,2008,43.72,5.24,0.01,43.4,1637.1,GUY,5.5,6,3184413030,746815,11.05,0,0
Paraguay,2008,98.77,-0,0.06,71,1637.1,PRY,5,8,24581700568,6081296,4.42,0.99999964,0
Peru,2008,367.82,0,1.3,196.77,1637.1,PER,5.5,9,134706000000,28562321,3.82,60,1
Suriname,2008,62.18,0,0.02,4.18,1637.1,SUR,6,8,4032182695,517122,8.56,1.99999998,0
Uruguay,2008,10.93,0,1.19,2.51,1637.1,URY,7,10,35847289440,3340221,8.03,0,0
Venezuela,2008,42.36,0,0.33,28.27,1637.1,VEN,4,5,412339000000,27635827,6.25,16.99999968,0
Cambodia,2008,442.49,31.09,3.02,281.4,1637.1,KHM,2.5,2,10600425244,13883835,0.83,0,0
China (People's Republic of),2008,1241.95,-0,53.43,1049.47,1637.1,CHN,1.5,-7,5029290000000,1324655000,4.6,88938.2175,1
Democratic People's Republic of Korea,2008,196.96,0,-0,171.28,1637.1,PRK,1,-9,53860175556,24310143,2.69,0,0
Indonesia,2008,607.64,386.64,1.97,127.73,1637.1,IDN,5.5,8,679403000000,235469755,7.21,131.9999996,0
Lao People's Democratic Republic,2008,212.66,36.68,114.52,113.97,1637.1,LAO,1.5,-7,6109448405,6046630,0.85,5.999999993,0
Malaysia,2008,136.65,0,0.13,127.8,1637.1,MYS,4,6,241039000000,27236003,3.34,6.999999966,0
Mongolia,2008,179.69,16,3.6,128.18,1637.1,MNG,6,10,6846094436,2631899,5.57,52.0000004,0
Philippines,2008,36.8,-0,-0,-0,1637.1,PHL,4.5,8,191359000000,90901967,3.72,323.9999974,1
Thailand,2008,-0,-0,2.31,-0,1637.1,THA,3.5,4,319474000000,66530980,1.18,39.00000003,1
Timor-Leste,2008,225.98,4.47,0.07,71.16,1637.1,TLS,4.5,7,732447776.5,1055428,3.11,0,0
Viet Nam,2008,1509.31,523.07,0.95,1019.75,1637.1,VNM,2,-7,103356000000,86243424,1.8,198.4999988,0
Afghanistan,2008,4093.16,154.79,120.76,3443.97,1637.1,AFG,2.5,4,11421973771,27722281,11.11,0,1
Armenia,2008,211,64.22,0.98,196.35,1637.1,ARM,3,5,10548246992,2907615,13.51,1.2218441310000001,0
Azerbaijan,2008,119.08,37.94,31.42,94.49,1637.1,AZE,2.5,-7,46165839005,8763400,5.86,0,1
Bangladesh,2008,749.29,582.06,22.51,489.43,1637.1,BGD,4,-6,103951000000,144304164,4.29,68.00000002,0
Bhutan,2008,44.95,9.73,0.28,19.79,1637.1,BTN,3.5,3,1295386119,671611,3.68,0,0
Georgia,2008,620.7,104.69,16.5,548.23,1637.1,GEO,4,6,11959954703,3848449,17.87,0,1
India,2008,1371.9,75.57,4.1,1249.36,1637.1,IND,5.5,9,1431810000000,1200669762,5.36,1734.947159,1
Kazakhstan,2008,249.21,0,45.12,239.11,1637.1,KAZ,2.5,-6,136339000000,15776938,6.63,6.010787804,0
Kyrgyzstan,2008,147.81,26.1,37.29,115.53,1637.1,KGZ,3.5,3,4681938955,5318700,8.22,80.00000068,0
Maldives,2008,18.99,2.83,27.49,9.77,1637.1,MDV,4,4,2600891738,343448,9.71,0,0
Myanmar,2008,397.68,0,8.87,233.15,1637.1,MMR,1,-8,42506544782,49929642,0.71,138366.4963,1
Nepal,2008,405.3,59.09,0.04,263.2,1637.1,NPL,4,6,14605251496,26666581,1.33,114.9999992,0
Pakistan,2008,895.65,-0,82.5,776.13,1637.1,PAK,3.5,5,169563000000,171648984,0.42,248.9999999,1
Sri Lanka,2008,384.62,80.72,6.62,216.72,1637.1,LKA,4,6,50721102373,19983984,5.22,47.99999991,1
Tajikistan,2008,144.75,26.63,10.67,112.36,1637.1,TJK,2.5,-3,5098960779,7209924,11.43,0,0
Turkmenistan,2008,-0,0,8.27,-0,1637.1,TKM,1,-9,19491562208,4935765,4.94,0.894653883,0
Uzbekistan,2008,108.55,12.06,11.78,94.58,1637.1,UZB,1,-9,40151366329,27302800,4.89,0,0
Iran,2008,56.48,0,11.24,42.23,1637.1,IRN,2,-6,455541000000,72120608,10.48,58.00000021,1
Iraq,2008,9421.98,11.46,41.17,8053.04,1637.1,IRQ,2,-7,125926000000,28385739,8.4,4.999999982,1
Jordan,2008,480.69,-0,55.64,442.22,1637.1,JOR,3,-3,25251357245,6556473,12.7,0,0
Lebanon,2008,699.6,0,111.78,610.9,1637.1,LBN,3.5,7,32299474785,4764745,7.45,0,0
Oman,2008,3.86,0,58.57,3.51,1637.1,OMN,2.5,-8,52730900886,2750956,4.14,0,0
Syrian Arab Republic,2008,49.54,-0,-0,30.03,1637.1,SYR,1.5,-7,43630549585,20664037,10.94,0,0
West Bank and Gaza Strip,2008,1309.47,0,155.18,877.87,1637.1,PSE,5.5,9,8428419115,3591977,22.91,0,0
Yemen,2008,187.83,92.49,24.09,146.18,1637.1,YEM,3,-2,27628287079,21892149,12.17,90.00000051,0
Cook Islands,2008,5.27,0,0,-0,1637.1,COK,5,7,864017000000,145924795,11.11,1144.999974,0
Fiji,2008,36.14,0,0.04,9.6,1637.1,FJI,3,-4,3093253760,845356,3.91,7.000000001,0
Kiribati,2008,20.95,0,0.09,7.63,1637.1,KIR,7,8,156321846.4,98760,7.21,0,0
Marshall Islands,2008,57.21,0,0.38,56.38,1637.1,MHL,7,9,145737814.6,56166,8.12,0,0
Nauru,2008,31.21,0,0.45,1.36,1637.1,NRU,7,8,39240729.32,9880,6.77,12.00000018,0
Niue,2008,19.83,0,0,0.05,1637.1,NIU,5,7,14372591916,9930916,2.02,0,0
Palau,2008,43.45,0,0.26,43.03,1637.1,PLW,7,8,198632922.2,18708,8.14,0,0
Papua New Guinea,2008,299.41,-0,-0,-0,1637.1,PNG,4.5,4,12116170365,6976200,2,10,0
Samoa,2008,28.68,1.74,0.21,5.74,1637.1,WSM,6,8,693336597.3,183270,5.18,0,0
Solomon Islands,2008,237.71,-0,-0,9.74,1637.1,SLB,4.5,8,760184982,503366,1.85,0,0
Tokelau,2008,26.04,0,0,0,1637.1,TKL,6,8,4160296612,281107,10.62,0,0
Tonga,2008,25.47,0.54,0.38,4.93,1637.1,TON,4,0,383874011.7,103384,1.31,0,0
Tuvalu,2008,15.57,0,0.41,5.26,1637.1,TUV,7,9,34234035.6,10315,7.47,7.999999938,0
Vanuatu,2008,94.18,-0,0,52.35,1637.1,VUT,6,9,642838337.5,224700,4.31,0,0
Wallis and Futuna,2008,108.33,0,0,108.32,1637.1,WLF,3.5,-6,60300321143,16081915,12.7,0,0
Albania,2009,225.75,24.74,8.66,127.94,1683.5,ALB,6,10,11500613162,2927519,13.67,0,0
Belarus,2009,75.24,0,3.85,38.71,1683.5,BLR,1,-7,53082941364,9506765,6.1,5.418402902,0
Bosnia and Herzegovina,2009,272.82,17.4,21.74,88.81,1683.5,BIH,3,-4,17029363373,3735945,24.07,0,0
Croatia,2009,32.26,0,0.14,18.98,1683.5,HRV,7,10,60717700435,4305181,9.2,1.000000002,0
North Macedonia,2009,129.29,-0,4.73,75.68,1683.5,MKD,1.5,-9,9106448741,2069030,32.18,1.000000016,0
Moldova,2009,101.23,21.23,6.15,57,1683.5,MDA,5.5,10,6512568011,2864346,6.4,0,0
Montenegro,2009,46.04,4.88,2.22,28.01,1683.5,MNE,4,6,4032762451,618294,19.09,0,0
Serbia,2009,276.26,22.31,2.89,193.61,1683.5,SRB,1.5,-7,41515968466,7320807,16.14,0,0
Turkey,2009,481.93,-0,3.21,300.94,1683.5,TUR,5,8,716604000000,71321406,12.55,58.00000006,1
Ukraine,2009,401.13,0,24.17,316.14,1683.5,UKR,5,7,130990000000,46053331,8.84,0,0
Algeria,2009,177.07,0,10.04,113.78,1683.5,DZA,5.5,10,155606000000,35333882,10.16,48.00000019,1
Egypt,2009,569.05,-0,113.28,476.95,1683.5,EGY,4,6,208264000000,81134789,9.09,2.000000043,0
Libya,2009,29.89,0,0.72,28.91,1683.5,LBY,1,-9,71198368527,6133987,18.95,0,0
Morocco,2009,615.77,-0,18.53,409.45,1683.5,MAR,1.5,-9,89790590993,31929087,8.96,30.00000013,0
Tunisia,2009,299.44,-0,-0,189.38,1683.5,TUN,5,8,42556693819,10525691,13.29,16.9999999,0
Angola,2009,147.03,19.63,0.01,70.32,1683.5,AGO,4,6,80264693647,22514275,3.78,62.00000006,1
Benin,2009,305.68,87.23,3.32,179.73,1683.5,BEN,5.5,7,9337935021,8944713,0.97,9.999999989,0
Botswana,2009,252.52,-0,-0,246.43,1683.5,BWA,4.5,7,11778027692,1953495,16.17,0,0
Burkina Faso,2009,421.18,216.22,0.64,237.74,1683.5,BFA,2,-5,9322236611,15141098,4.23,9.000000003,0
Burundi,2009,250.23,58.96,0.09,133.56,1683.5,BDI,4,-1,1933080966,8397661,1.75,0,0
Cabo Verde,2009,151.25,0.47,-0,63.62,1683.5,CPV,7,9,1640251720,486667,10.62,2.999999994,0
Cameroon,2009,247.26,45.9,0.81,214.73,1683.5,CMR,4.5,8,25303315390,19789922,3.77,0,0
Central African Republic,2009,95.43,27.6,0.43,74.61,1683.5,CAF,1.5,-7,2047763337,4337623,4.34,3.99999999,1
Chad,2009,362.01,3.66,-0,283.48,1683.5,TCD,3.5,-1,9395062315,11560142,1.5,5.999999992,1
Comoros,2009,24.23,-0,0.77,24.15,1683.5,COM,4,6,874739223.3,673251,6.19,2.000000007,0
Congo,2009,200.76,11.11,0.19,147.82,1683.5,COG,5,9,11948903384,4145400,16.1,0,0
C�te d'Ivoire,2009,1559.34,179.11,2.24,1421.72,1683.5,CIV,3,5,24416151588,20059147,6.41,27.00000012,0
Democratic Republic of the Congo,2009,1063.06,387.54,1.71,691.19,1683.5,COD,2.5,1,20134560220,62448572,3.7,0,0
Djibouti,2009,85.45,6.54,10.37,81.4,1683.5,DJI,3.5,5,1337019313,827820,11.46,0,0
Equatorial Guinea,2009,21.01,-0,-0,2.94,1683.5,GNQ,6,9,17913034099,901589,8.37,0,0
Eritrea,2009,39.95,4.56,17.93,20.47,1683.5,ERI,3,-6,1555387289,3119920,6.72,0,0
Ethiopia,2009,1818.53,1001.81,18.73,1467.8,1683.5,ETH,5.5,7,26595865977,85233923,2.35,0,1
Gabon,2009,45.67,0,0.01,46,1683.5,GAB,1,-7,13421054291,1568925,19.59,0,0
Gambia,2009,19.95,15.75,1.02,21.57,1683.5,GMB,2,-7,1457196339,1740277,9.36,4.999999963,0
Ghana,2009,782.6,238.5,5.83,568.51,1683.5,GHA,2.5,-6,29839998860,24170943,5.14,40.00000006,0
Guinea,2009,159.08,-0,-0,149.47,1683.5,GIN,3.5,5,6538734824,9964470,4.42,2.000000001,0
Guinea-Bissau,2009,45.39,14.13,0.01,17.97,1683.5,GNB,5.5,8,812418063.7,1483920,3.05,0,0
Kenya,2009,1255.73,80.29,4.07,972.71,1683.5,KEN,1.5,-2,36898510533,40901798,2.83,36,0
Lesotho,2009,68.68,10.87,4.51,42.37,1683.5,LSO,4.5,7,2122932396,1990135,27.5,0,0
Liberia,2009,334.11,40.98,0.16,247.63,1683.5,LBR,4,8,1883132183,3754129,2.24,1.999999999,0
Madagascar,2009,232.51,34.35,1.36,208.43,1683.5,MDG,2.5,-6,9921275541,20569115,3.88,27.00000005,0
Malawi,2009,428.16,78.9,0.11,309.47,1683.5,MWI,6,9,6512015361,14128161,5.89,4,0
Mali,2009,550.46,160.94,1.09,349.87,1683.5,MLI,4,6,10149812717,14581427,9.28,24.99999993,1
Mauritania,2009,107.63,36.73,20.07,67.19,1683.5,MRT,4.5,9,5485158523,3393408,9.81,1,0
Mauritius,2009,56.82,-0,-0,55.97,1683.5,MUS,4.5,7,9584152842,1247429,7.26,0,0
Mayotte,2009,469.09,0,0,469.09,1683.5,MYT,4,7,12621419531,2825932,19.03,3631.997548,0
Mozambique,2009,1232.85,205.57,0.04,605.28,1683.5,MOZ,3.5,5,10426669785,22894718,3.17,12.50000002,0
Namibia,2009,242.98,0,-0,214.37,1683.5,NAM,6,10,10780286075,2081039,21.99,91.99999902,0
Niger,2009,236.73,37.45,1.66,159.59,1683.5,NER,1.5,-7,7230912194,15843131,0.91,3,0
Nigeria,2009,709.91,459.45,1.58,655.17,1683.5,NGA,2,-6,334665000000,154324939,3.75,31,1
Rwanda,2009,507.44,109.9,2.21,326.07,1683.5,RWA,1.5,-7,5702943253,9782770,1.02,0,1
Saint Helena,2009,31.22,0,0,31.22,1683.5,SHN,2.5,-6,231892000000,29360827,8.1,10.99999993,0
Sao Tome and Principe,2009,17.3,1.06,0.01,3.05,1683.5,STP,6,9,184352542.7,175877,15.12,0,0
Senegal,2009,475,129.71,3.9,334.66,1683.5,SEN,4.5,7,15592587304,12335092,10.25,6.000000002,0
Seychelles,2009,9.89,0,0.05,9.83,1683.5,SYC,7,8,915423405.1,87298,10.16,0,0
Sierra Leone,2009,181.55,34.79,0.29,154.96,1683.5,SLE,3.5,-1,2447188210,6272735,3.99,102.9999996,0
Somalia,2009,499.12,0,7.98,335.33,1683.5,SOM,2,4,30168134365,11717691,13.32,0,1
South Africa,2009,905.95,0,2.29,742.67,1683.5,ZAF,5,7,364276000000,50477013,23.52,34.99999997,0
South Sudan,2009,0,0,0,0,1683.5,SSD,5,6,13841690704,9142258,12.52,0,0
Sudan,2009,1966.52,-0,55.9,1625.23,1683.5,SDN,1,-9,63433296122,33783779,13,20.00000004,1
Eswatini,2009,20.38,-0,-0,15.98,1683.5,SWZ,4.5,7,4276537205,1057462,27.39,0,0
Tanzania,2009,1361.18,797.9,-0,811.25,1683.5,TZA,4,1,30106541769,43073830,2.5,28.99999993,0
Togo,2009,353.25,6.03,0.88,104.29,1683.5,TGO,2.5,-6,3232314271,6250840,2.8,0,0
Uganda,2009,1009.42,381.52,0.31,663.68,1683.5,UGA,1,-7,25141526759,31411096,3.6,0,1
Zambia,2009,689.09,41.11,0.4,434.38,1683.5,ZMB,1,-7,18373423318,13215142,10.5,31.00000021,0
Zimbabwe,2009,635.15,0,0.14,462.84,1683.5,ZWE,5,7,10061936650,12526964,5.03,0,0
Anguilla,2009,1.52,0,0,1.52,1683.5,AIA,1,-6,66074572472,7261541,17.63,68.00000002,0
Antigua and Barbuda,2009,2.63,0,0,2.54,1683.5,ATG,7,8,1246427315,86743,10.66,0,0
Barbados,2009,2.89,0,0,2.83,1683.5,BRB,7,10,4636000000,281107,10.02,0,0
Belize,2009,7.33,0,0.54,6.45,1683.5,BLZ,7,9,1337019313,314655,8.43,0,0
Costa Rica,2009,84.37,-0,0.19,69.39,1683.5,CRI,7,10,35742684148,4520739,7.71,22.00000066,0
Cuba,2009,81.76,0,0.28,39.9,1683.5,CUB,4,6,62826231727,11226711,1.67,3.000000029,0
Dominica,2009,4.63,0.84,1.05,4.6,1683.5,DMA,7,9,490526476.1,70848,7.57,0,0
Dominican Republic,2009,51.14,-0,0.05,16.85,1683.5,DOM,3.5,-1,49714185923,9576736,5.47,10.00000001,0
El Salvador,2009,248.17,-0,0.32,114.31,1683.5,SLV,3.5,-2,18067581907,6157678,7.33,118.9999918,0
Grenada,2009,3.16,2.48,4.53,3.07,1683.5,GRD,6,10,774975419.9,105787,8.41,0,0
Guatemala,2009,322.02,0,0.72,146.84,1683.5,GTM,5,9,39536140383,14000190,3.36,1.999999954,0
Haiti,2009,709.31,45.27,0.05,569.11,1683.5,HTI,5.5,9,12122895415,9798046,15.9,21.00000004,0
Honduras,2009,303.22,47.67,-0,224.58,1683.5,HND,6,8,15269613869,8150780,3.29,7.999999994,0
Jamaica,2009,7.77,0,-0,-0,1683.5,JAM,6,10,13416048458,2795839,11.36,0,0
Mexico,2009,178.27,0,1.27,186.11,1683.5,MEX,6,10,1006300000000,112463886,5.36,49.00000071,0
Montserrat,2009,36.32,0,0,36.31,1683.5,MSR,5.5,6,28487963591,9524532,2.27,35.99999999,0
Nicaragua,2009,451.33,67.28,0.06,167.03,1683.5,NIC,6.5,9,8388790341,5745538,8.16,0.999999993,0
Panama,2009,53.71,0,0.18,49.08,1683.5,PAN,7,10,27819050421,3579215,3.68,0.999999992,0
Saint Kitts and Nevis,2009,1.47,-0,-0,1.43,1683.5,KNA,7,9,764830622.5,48599,11.27,0.999999858,0
Saint Lucia,2009,5.89,0.4,-0,5.7,1683.5,LCA,7,10,1463288897,172223,15.37,0,0
Saint Vincent and the Grenadines,2009,4.54,0.86,-0,4.29,1683.5,VCT,6,7,704862568.8,108293,19.25,0,0
Trinidad and Tobago,2009,4.28,0,0.04,4.02,1683.5,TTO,3,-3,21445273759,1320921,4.03,0,0
Argentina,2009,69.76,0,1.6,45.9,1683.5,ARG,4,6,384677000000,40482786,8.65,21.99999999,0
Bolivia,2009,460.03,31.15,0.11,223.51,1683.5,BOL,3,5,18870882464,9884790,2.86,0,0
Brazil,2009,286.33,0,1.81,185.7,1683.5,BRA,6.5,8,2054220000000,193886505,8.52,167.0000007,0
Chile,2009,53.8,-0,0.65,29.02,1683.5,CHL,6,8,206471000000,16886184,11.31,3.000000002,0
Colombia,2009,1051.63,-0,0.97,828.52,1683.5,COL,5.5,7,274237000000,44750054,12.07,139.0000002,1
Ecuador,2009,145.92,-0,0.37,74.03,1683.5,ECU,5,9,67186830557,14774412,4.61,33.00000067,0
Guyana,2009,42.99,7.93,0,42.11,1683.5,GUY,2,-7,3307887391,747718,11.69,0,0
Paraguay,2009,112.65,-0,0.11,70.38,1683.5,PRY,4.5,8,24517508572,6163970,5.46,0.999999923,0
Peru,2009,335.43,0,1.24,195.81,1683.5,PER,5,8,136182000000,28792663,3.73,225.9999982,1
Suriname,2009,107.84,0,0,6.02,1683.5,SUR,2.5,-7,4153700530,523113,8.72,0,0
Uruguay,2009,28.16,0,0.75,17.07,1683.5,URY,6,9,37368467080,3349676,7.74,1,0
Venezuela,2009,43.97,0,0.24,32.01,1683.5,VEN,2,-6,399135000000,28031010,6.1,9.000000052,0
Cambodia,2009,458.67,28.48,5.37,285.46,1683.5,KHM,3,4,10609615491,14093605,0.58,19.00000003,0
China (People's Republic of),2009,1077.36,-0,-0,901.48,1683.5,CHN,5,7,5501980000000,1331260000,4.7,579.050168,0
Democratic People's Republic of Korea,2009,47.77,0,-0,22.86,1683.5,PRK,4,6,27133804225,24428340,2.87,0,0
Indonesia,2009,458.02,207.08,-0,-0,1683.5,IDN,6,9,710852000000,238620554,6.11,1496.999762,0
Lao People's Democratic Republic,2009,252.27,29.46,19.7,128.88,1683.5,LAO,5,7,6567765473,6148621,0.81,26.00000011,0
Malaysia,2009,117.83,0,0.06,108.3,1683.5,MYS,1.5,-6,237391000000,27735038,3.69,5.999999995,0
Mongolia,2009,212.71,60.33,13.15,130.37,1683.5,MNG,4.5,10,6759244954,2673794,5.86,25.9999998,0
Philippines,2009,281.78,-0,-0,141.22,1683.5,PHL,4.5,7,194130000000,92414161,3.86,1144.999974,1
Thailand,2009,-0,-0,1,-0,1683.5,THA,1.5,-7,317267000000,66866834,0.93,18.00000001,1
Timor-Leste,2009,187.02,3.68,0.16,50.21,1683.5,TLS,4.5,6,805616566.6,1074286,3.27,0,0
Viet Nam,2009,1849.51,1127.22,3.57,1423.02,1683.5,VNM,4.5,7,108935000000,87092250,1.74,360.5000016,0
Afghanistan,2009,5368.48,289.42,126.5,4609.92,1683.5,AFG,4.5,7,13865194314,28394806,11.46,100.9999999,1
Armenia,2009,224.18,124.04,1.32,205.94,1683.5,ARM,4,6,9060944166,2888094,18.44,1.200393719,0
Azerbaijan,2009,122.88,34.84,30.42,108.86,1683.5,AZE,5,7,50491150983,8947243,5.74,0,0
Bangladesh,2009,697.61,101,8.36,435.91,1683.5,BGD,5.5,6,109195000000,145924795,5,23,0
Bhutan,2009,49.77,30.03,0.93,20.77,1683.5,BTN,4.5,4,1382803098,678329,3.96,22.99999984,0
Georgia,2009,476,150.62,21.33,410.26,1683.5,GEO,1,-4,11523354926,3814419,20.71,1.999999993,0
India,2009,1428.02,455,2.14,1313.4,1683.5,IND,2,-7,1544380000000,1217726217,5.61,1650.188873,1
Kazakhstan,2009,182.16,0,69.88,166.37,1683.5,KAZ,2.5,-9,137975000000,16092822,6.55,4.914822261,0
Kyrgyzstan,2009,142.29,23.79,51.02,105.46,1683.5,KGZ,6.5,8,4817073505,5383300,8.41,26.00000021,0
Maldives,2009,16.02,4.28,-0,15.87,1683.5,MDV,6.5,10,2412877397,353391,11.7,0,0
Myanmar,2009,226.61,0,5.75,143.76,1683.5,MMR,1,-7,46990989123,50250366,0.78,23.99999997,1
Nepal,2009,485.6,112.1,0.43,274.95,1683.5,NPL,4.5,6,15267319043,26883531,1.64,126.9999999,0
Pakistan,2009,1361.27,954.75,205.07,1164.63,1683.5,PAK,5,6,174364000000,175525610,0.54,102,1
Sri Lanka,2009,361.84,134.59,7.27,163.62,1683.5,LKA,4.5,8,52516077579,20123508,5.85,4.000000012,1
Tajikistan,2009,138.1,44.82,8.81,102.64,1683.5,TJK,3.5,5,5297820308,7364752,11.5,21.00000009,0
Turkmenistan,2009,15.03,0,10.46,13.49,1683.5,TKM,6,9,20680547525,5007953,4.54,0.920821467,0
Uzbekistan,2009,73.35,26.76,21.24,61.53,1683.5,UZB,1,-7,43383926063,27767400,5,0,0
Iran,2009,60.89,0,12,45.29,1683.5,IRN,5,9,460130000000,72924833,11.97,0,1
Iraq,2009,2939.31,30.83,42.66,2801.45,1683.5,IRQ,1,-7,130182000000,28973157,8.49,2,1
Jordan,2009,535.58,-0,48.05,511.88,1683.5,JOR,3,-1,26519912222,6893258,12.9,0,0
Lebanon,2009,380.33,0,46.02,319.3,1683.5,LBN,2,-4,35604407295,4813026,6.36,0,0
Oman,2009,8.73,0,185.84,8.43,1683.5,OMN,1,-9,55954022116,2876186,3.84,0,0
Syrian Arab Republic,2009,63.7,-0,42.91,42.38,1683.5,SYR,5,6,35847289440,21205873,8.14,0,0
West Bank and Gaza Strip,2009,1780.35,0,262.28,1345.86,1683.5,PSE,3,-6,9152714543,3689099,20.45,0,0
Yemen,2009,234.53,73.36,119.29,185.46,1683.5,YEM,2.5,2,28696460069,22516464,12.71,11.00000002,0
Cook Islands,2009,7.14,0,0,-0,1683.5,COK,2,-4,11500613162,3494200,19.63,1.999999993,0
Fiji,2009,50.25,0,0.08,21.76,1683.5,FJI,5,8,3050380096,853636,4.2,15.00000004,0
Kiribati,2009,24.49,0,0,5.76,1683.5,KIR,7,10,157576722.4,100928,8.41,0,0
Marshall Islands,2009,64.89,0,0.05,62.77,1683.5,MHL,7,10,150378872.8,56255,11.51,0,0
Nauru,2009,25.03,0,0,2.08,1683.5,NRU,7,10,42808068.35,9945,12.35,0,0
Niue,2009,8.92,0,0,0.07,1683.5,NIU,2.5,-7,216408000000,90901967,5.03,131.9999996,0
Palau,2009,36.71,0,0.01,35.48,1683.5,PLW,7,8,185542094.2,18290,15.26,0,0
Papua New Guinea,2009,368.71,10.16,0,3.32,1683.5,PNG,4,5,12940121017,7144774,2.06,19,0
Samoa,2009,49.87,1.82,0.02,15.58,1683.5,WSM,6,8,659999075,184553,5.48,147.9999836,0
Solomon Islands,2009,233.27,-0,-0,5.45,1683.5,SLB,6,9,779620029.5,515182,2.02,20.99999967,0
Tokelau,2009,12.74,0,0,0,1683.5,TKL,6,8,237391000000,46258189,8.15,68.00000002,0
Tonga,2009,37.11,1.62,0.01,11.05,1683.5,TON,6.5,7,363915983.2,103897,1.56,8.999999769,0
Tuvalu,2009,14.38,0,0.01,7.22,1683.5,TUV,7,8,32716491.68,10413,10.62,7.00000012,0
Vanuatu,2009,108.74,-0,0,42.5,1683.5,VUT,6,10,662362919.3,230244,4.57,0,0
Wallis and Futuna,2009,101.51,0,0,101.45,1683.5,WLF,1.5,-8,11474677065,4145400,19.33,47.99999991,0
Albania,2010,210.9,14.46,8.6,122.32,1741.3,ALB,3,3,11926928506,2913021,14.09,1.999999976,0
Belarus,2010,96.27,0,3.75,53.55,1741.3,BLR,3.5,5,57222490769,9490583,6.11,3.596249948,0
Bosnia and Herzegovina,2010,237.85,92.96,14.9,74.1,1741.3,BIH,4.5,8,17176781337,3705478,27.31,2.999999999,0
Croatia,2010,37.42,0,0.31,25.78,1741.3,HRV,6.5,9,59918313669,4295427,11.62,1.000000011,0
North Macedonia,2010,90.28,-0,20.26,59.14,1741.3,MKD,6,8,9412311666,2070737,32.02,0,0
Moldova,2010,94.68,59.65,24.53,52.68,1741.3,MDA,6,10,6974960345,2861487,7.45,1,0
Montenegro,2010,42.07,2.98,7.18,21.67,1741.3,MNE,1.5,-8,4143033276,619428,19.65,0,0
Serbia,2010,307.81,23.6,3.83,209.65,1741.3,SRB,2.5,-2,41819468692,7291436,19.22,5.000000037,0
Turkey,2010,606.2,-0,14.61,503.36,1741.3,TUR,3.5,3,776993000000,72326992,10.66,64.00000011,1
Ukraine,2010,430.95,0,21.56,350.41,1741.3,UKR,5,8,136013000000,45870741,8.1,6,0
Algeria,2010,130.92,0,-0,100.44,1741.3,DZA,5.5,6,161207000000,35977451,9.96,0,1
Egypt,2010,346.91,-0,74.73,281,1741.3,EGY,3.5,-5,218984000000,82761244,8.76,61.99999992,0
Libya,2010,17.4,0,0.72,16.24,1741.3,LBY,1.5,-1,74773444901,6197667,19.03,0,0
Morocco,2010,535.08,-0,10.67,426.77,1741.3,MAR,5.5,9,93216746662,32343384,9.09,41.99999994,0
Tunisia,2010,313.07,-0,2.64,169.15,1741.3,TUN,3.5,0,44050929160,10635245,13.05,0,0
Angola,2010,148.54,3.73,0.09,116.65,1741.3,AGO,4.5,7,83799496611,23356247,9.43,25.00000005,0
Benin,2010,331.1,81.6,1.14,220,1741.3,BEN,2,-1,9535345011,9199254,1.04,46.00000018,0
Botswana,2010,108.79,-0,-0,102.35,1741.3,BWA,6,10,12786654498,1987106,17.86,0,0
Burkina Faso,2010,411.86,182.91,4.92,220.73,1741.3,BFA,5,8,10109618964,15605211,4.68,15.99999997,0
Burundi,2010,264.63,102.7,0.32,149.42,1741.3,BDI,6,7,2032135191,8675606,1.74,8.999999956,0
Cabo Verde,2010,232.8,20.75,-0,57.93,1741.3,CPV,4,5,1664310770,492644,10.67,0,0
Cameroon,2010,245.27,79.22,0.08,224.99,1741.3,CMR,1,-7,26169323293,20341236,4.11,12.99999999,0
Central African Republic,2010,109.37,16.99,0.4,60.78,1741.3,CAF,5,9,2142591539,4386765,4.38,2.999999997,1
Chad,2010,294.21,-0,-0,236.31,1741.3,TCD,3,-6,10668102735,11952134,1.59,24.00000011,1
Comoros,2010,20.11,4.7,15.72,20.11,1741.3,COM,3.5,-3,907978731.7,689696,6.6,0,0
Congo,2010,1109.03,20.43,0.49,1041.17,1741.3,COG,5,9,13135580695,4273738,13.95,0,0
C�te d'Ivoire,2010,408.36,177.99,1.48,394.48,1741.3,CIV,2.5,-1,24908781285,20532944,6.71,17.99999997,0
Democratic Republic of the Congo,2010,2240.15,282.41,6.55,721.32,1741.3,COD,3.5,5,21565720044,64563853,3.98,45.99999999,0
Djibouti,2010,86.44,-0,7.48,85.86,1741.3,DJI,4.5,7,1128611700,840194,11.52,0,0
Equatorial Guinea,2010,71.18,-0,-0,53.39,1741.3,GNQ,5,10,16314443429,943640,8.42,0,0
Eritrea,2010,31.56,1.33,22.21,15.83,1741.3,ERI,1.5,-6,1589515447,3170437,6.76,0,0
Ethiopia,2010,1861.78,635.98,34.66,1599.97,1741.3,ETH,1.5,-4,29933790334,87639962,2.34,19,1
Gabon,2010,72.91,0,0.03,72.55,1741.3,GAB,4.5,9,14372591916,1624146,20.39,0,0
Gambia,2010,29.41,10.95,1.3,23.79,1741.3,GMB,2,-8,1543292393,1793199,9.41,8.999999893,0
Ghana,2010,858.44,304.79,3.27,629.18,1741.3,GHA,6,9,32197272797,24779614,5.32,63.00000019,0
Guinea,2010,87.34,0.06,-0,80.36,1741.3,GIN,1.5,-7,6853467858,10192168,4.45,8.000000009,0
Guinea-Bissau,2010,49.15,7.79,0.23,23.74,1741.3,GNB,4.5,9,849878424.2,1522603,3.08,1.999999999,0
Kenya,2010,1175.47,127,3.36,974.33,1741.3,KEN,4,6,40000088347,42030684,2.86,224.0000347,0
Lesotho,2010,97.14,32.65,2.84,79.57,1741.3,LSO,1,-4,2234731974,1995575,26.81,0,0
Liberia,2010,647.16,39.97,1.45,531.92,1741.3,LBR,5,8,1998000000,3891357,2.27,1.000000002,0
Madagascar,2010,212.48,75.73,8.75,188.95,1741.3,MDG,6,10,9982711030,21151640,4.28,0,0
Malawi,2010,484.61,125.79,-0,381.66,1741.3,MWI,4.5,8,6959655571,14539609,5.94,0,0
Mali,2010,661.62,146.55,-0,466.67,1741.3,MLI,2.5,-6,10689167195,15049352,8.07,0,0
Mauritania,2010,91.07,36.64,17.38,58.52,1741.3,MRT,4.5,8,5628882266,3494200,9.86,0,1
Mauritius,2010,52.91,-0,-0,51.78,1741.3,MUS,2.5,2,10003670690,1250400,7.65,0,0
Mayotte,2010,541.73,0,0,541.73,1741.3,MYT,5.5,7,12917367180,9813219,3.58,0,0
Mozambique,2010,1285.76,157.07,1.81,659.52,1741.3,MOZ,5,9,11104648673,23531567,3.25,5.000000004,0
Namibia,2010,217.6,0,-0,187.86,1741.3,NAM,6.5,9,11431334447,2118877,22.1,8.000000045,0
Niger,2010,361.21,68.63,2.35,247.96,1741.3,NER,2.5,2,7851191899,16464025,0.58,4.999999999,0
Nigeria,2010,868.64,932.92,1.5,820.52,1741.3,NGA,4.5,5,361457000000,158503203,3.77,40.00000001,0
Rwanda,2010,532.57,139.18,1.77,376.69,1741.3,RWA,4.5,6,6121234529,10039338,1.07,21.00000006,1
Saint Helena,2010,50.19,0,0,50.19,1741.3,SHN,5,7,1544380000000,199287292,4.57,449.0000113,0
Sao Tome and Principe,2010,29.77,2.04,0,5.03,1741.3,STP,7,10,196652514.3,180372,14.64,0,0
Senegal,2010,502.97,105.63,12.75,378.73,1741.3,SEN,5,6,16121314671,12678143,10.34,2.000000001,0
Seychelles,2010,25.51,0,16.38,25.15,1741.3,SYC,6.5,9,969936525.3,89770,11.59,0,0
Sierra Leone,2010,178.4,54.79,0.84,154.88,1741.3,SLE,6.5,9,2578026297,6415636,4.16,15.99999994,0
Somalia,2010,301.14,0,6.45,185.62,1741.3,SOM,5.5,8,29839998860,12043886,13.39,10.99999997,1
South Africa,2010,857.49,0,1.63,727.9,1741.3,ZAF,3,-6,375349000000,51216967,24.68,20,0
South Sudan,2010,0,0,0,0,1741.3,SSD,4,7,14602072411,9508372,12.58,0,0
Sudan,2010,1503.42,0,29.26,1140.14,1741.3,SDN,5.5,7,65633998265,34545014,15.17,36.00000002,1
Eswatini,2010,32.37,-0,0.66,30.13,1741.3,SWZ,5,8,4438778547,1064841,26.82,0,0
Tanzania,2010,1602.37,663.19,4.36,1069.66,1741.3,TZA,3.5,5,32014249841,44346532,2.98,9.000000005,0
Togo,2010,228,7.59,0.61,200.54,1741.3,TGO,3.5,-1,3429461495,6421674,2.39,22.00000004,0
Uganda,2010,981.91,311.55,0.97,664.89,1741.3,UGA,2.5,-6,26558908398,32428164,3.61,388.0000192,1
Zambia,2010,588.03,32,-0,408.27,1741.3,ZMB,3,-6,20265559484,13605986,13.19,8.99999999,0
Zimbabwe,2010,496.58,0,-0,333.99,1741.3,ZWE,1,-9,12041655200,12697728,5.22,0,0
Anguilla,2010,0.28,0,0,0.28,1741.3,AIA,4.5,7,63275999127,12894323,2.86,41.99999994,0
Antigua and Barbuda,2010,5.61,0,0,5.48,1741.3,ATG,6,8,1148700000,88030,11.31,0,0
Barbados,2010,2.1,0,0,1.83,1741.3,BRB,6,8,4530000000,282131,10.69,0,0
Belize,2010,10.26,0,-0,9.32,1741.3,BLZ,6.5,9,1377177083,322465,8.45,0,0
Costa Rica,2010,73.85,-0,0.11,64.16,1741.3,CRI,2.5,2,37658614803,4577371,7.17,51.00000158,0
Cuba,2010,81.92,0,-0,33.5,1741.3,CUB,2.5,-6,64328000000,11225833,2.5,4.00000003,0
Dominica,2010,4.91,-0,1.58,4.63,1741.3,DMA,7,10,493825925.9,70877,6.1,3.000004232,0
Dominican Republic,2010,89.9,-0,0.03,41.77,1741.3,DOM,4.5,8,53860175556,9695117,5.21,8.999999952,0
El Salvador,2010,242.58,-0,0.15,149.93,1741.3,SLV,1.5,-9,18447920000,6183877,4.89,12.00000018,0
Grenada,2010,5.36,5.03,-0,4.89,1741.3,GRD,7,10,771013259.3,106227,8.22,0,0
Guatemala,2010,333.62,0,0.27,174.18,1741.3,GTM,4.5,8,40676432029,14259687,3.5,2.999999963,0
Haiti,2010,2300.06,100.68,16.86,1923.38,1741.3,HTI,4,6,11661585823,9949318,15.34,222658.3065,0
Honduras,2010,273.59,104.01,0.75,180.4,1741.3,HND,5,8,15839344592,8317467,4.12,143.9999989,0
Jamaica,2010,-0,0,-0,-0,1741.3,JAM,6,10,13220556883,2810464,12.37,0,0
Mexico,2010,431.45,0,1.23,423.04,1741.3,MEX,7,9,1057800000000,114092961,5.3,193.3878488,0
Montserrat,2010,15.52,0,0,15.52,1741.3,MSR,7,10,52516077579,6563238,6.31,2.000000043,0
Nicaragua,2010,362.7,42.55,0.04,129.24,1741.3,NIC,2,-6,8758639096,5824058,7.83,77.00000047,0
Panama,2010,99.33,0,0.21,92.56,1741.3,PAN,6.5,10,29440300000,3642691,3.71,7.999999886,0
Saint Kitts and Nevis,2010,-0,-0,-0,-0,1741.3,KNA,7,10,760170370.4,49011,7.74,8.000000283,0
Saint Lucia,2010,1.09,9.79,-0,0.09,1741.3,LCA,6.5,9,1486758037,174092,17.11,0,0
Saint Vincent and the Grenadines,2010,0.94,1.19,-0,0.22,1741.3,VCT,7,9,681225925.9,108260,19.32,0,0
Trinidad and Tobago,2010,3.49,0,0,2.82,1741.3,TTO,5,10,22157948396,1328144,4.03,4.999999809,0
Argentina,2010,94.32,0,-0,70.94,1741.3,ARG,5,6,423627000000,40788453,7.71,6.999999992,0
Bolivia,2010,401.63,42.08,0.09,183.23,1741.3,BOL,1,-8,19649631308,10048597,2.55,26.00000012,0
Brazil,2010,383.15,0,1.68,303.72,1741.3,BRA,7,10,2208870000000,195713637,7.73,709.0000149,0
Chile,2010,146.65,-0,2.21,109.39,1741.3,CHL,6.5,10,218538000000,17062531,8.42,507.9999958,0
Colombia,2010,556.09,-0,1.86,413.98,1741.3,COL,2.5,-3,286563000000,45222699,10.98,354.0000032,1
Ecuador,2010,120.96,-0,0.43,48.27,1741.3,ECU,3.5,-1,69555367000,15011114,4.09,44.99999982,0
Guyana,2010,59.67,2.75,0.02,34.96,1741.3,GUY,2.5,-8,3432913353,749430,12.05,0,0
Paraguay,2010,69.38,-0,0.1,33.85,1741.3,PRY,2.5,-8,27237782850,6248017,4.57,1.00000005,0
Peru,2010,-0,0,1.11,-0,1741.3,PER,4,-1,147529000000,29027680,3.3,167.9999957,1
Suriname,2010,71.98,0,0,1.02,1741.3,SUR,2.5,-3,4368398048,529126,7.15,0,0
Uruguay,2010,28.59,0,0.95,20.36,1741.3,URY,4.5,8,40284481652,3359273,7.16,0,0
Venezuela,2010,35.41,0,0.59,26.44,1741.3,VEN,3.5,-1,393192000000,28439942,7.11,58.99999935,0
Cambodia,2010,483.01,31.37,2.1,306.01,1741.3,KHM,2.5,-7,11242275199,14312205,0.77,7.999999988,0
China (People's Republic of),2010,733.64,-0,5.99,598.85,1741.3,CHN,4.5,7,6087160000000,1337705000,4.5,7086.79205,0
Democratic People's Republic of Korea,2010,27.8,0,5.01,9.93,1741.3,PRK,4,5,21731104173,24548840,2.9,0,0
Indonesia,2010,931.7,105.23,-0,492.89,1741.3,IDN,1.5,-8,755094000000,241834226,5.61,1294.000306,0
Lao People's Democratic Republic,2010,260.05,35.07,21.13,148.11,1741.3,LAO,6,7,7127792630,6249168,0.71,0,0
Malaysia,2010,-0,0,0.21,-0,1741.3,MYS,4,6,255017000000,28208028,3.25,4.00000002,0
Mongolia,2010,219.04,27.3,4.21,134.06,1741.3,MNG,1.5,-7,7189481824,2719902,6.55,11.00000024,0
Philippines,2010,450.61,-0,-0,262.07,1741.3,PHL,5,9,208369000000,93966784,3.61,41.00000008,1
Thailand,2010,-0,-0,0.89,-0,1741.3,THA,3.5,5,341105000000,67195032,0.62,297.0000002,1
Timor-Leste,2010,240.2,4.21,0.47,63.13,1741.3,TLS,3.5,1,881826900,1093517,3.3,0,0
Viet Nam,2010,1621.15,812.51,2.61,1155.88,1741.3,VNM,4,5,115932000000,87967655,1.11,211.0000001,0
Afghanistan,2010,5618.78,135.26,110.45,4893.85,1741.3,AFG,3,-5,15856574731,29185511,11.52,349.9999974,1
Armenia,2010,198.92,19.4,1.91,183.92,1741.3,ARM,2.5,0,9260284938,2877314,19.01,1.241965876,0
Azerbaijan,2010,67.26,34.36,15.68,53.32,1741.3,AZE,3.5,5,52909294792,9054332,5.63,3,0
Bangladesh,2010,836.09,104.76,-0,499.99,1741.3,BGD,2.5,-6,115279000000,147575433,3.38,107.0000001,0
Bhutan,2010,64.22,6.88,0.69,35.06,1741.3,BTN,4,5,1547991318,685502,3.32,0,0
Georgia,2010,377,50.96,14.61,321.75,1741.3,GEO,1,-7,12243505583,3786695,20.2,2.000000001,0
India,2010,1954.81,221.51,1.28,1852.36,1741.3,IND,2.5,-6,1675620000000,1234281163,5.65,990.4368701,1
Kazakhstan,2010,107.98,0,48.27,94.7,1741.3,KAZ,3.5,3,148047000000,16321872,5.77,5.445280189,0
Kyrgyzstan,2010,159.8,42.59,58.05,116.62,1741.3,KGZ,5,7,4794357795,5447900,8.64,10.99999993,0
Maldives,2010,47.53,14.98,4.77,31.36,1741.3,MDV,6.5,10,2588176055,365730,10.28,0,0
Myanmar,2010,230.47,0,-0,133.82,1741.3,MMR,1.5,2,51518307518,50600827,0.79,45.00000004,1
Nepal,2010,444.27,124.88,1.34,267.93,1741.3,NPL,1,-7,16002656434,27013207,1.88,149.9999992,0
Pakistan,2010,2449.54,195.89,157.07,2040.55,1741.3,PAK,4.5,7,177166000000,179424643,0.65,2186.000015,1
Sri Lanka,2010,350.07,89.84,3.01,192.68,1741.3,LKA,5,9,56725749222,20261738,4.78,36.99999998,0
Tajikistan,2010,154.66,58.68,5.03,127.63,1741.3,TJK,2,2,5642178580,7527397,10.85,75.00000014,1
Turkmenistan,2010,13.92,0,12.07,11.81,1741.3,TKM,6,8,22583157895,5087211,4,0.951288028,0
Uzbekistan,2010,88.4,30.7,34.36,49.04,1741.3,UZB,1.5,-9,46679875794,28562400,5.4,0.999999993,0
Iran,2010,69.56,0,12.04,52.58,1741.3,IRN,3.5,-4,486808000000,73762519,13.52,19.99999912,1
Iraq,2010,2146.92,57.16,29.97,2010.38,1741.3,IRQ,1.5,-8,138517000000,29741977,8.34,0,1
Jordan,2010,463.1,-0,109.29,428.36,1741.3,JOR,4.5,7,27133804225,7261541,12.5,2.00000005,0
Lebanon,2010,257.61,0,48.57,207.15,1741.3,LBN,2.5,-7,38443907042,4953064,6.4,0,0
Oman,2010,7.49,0,-0,7.14,1741.3,OMN,7,9,56913065779,3041435,3.71,15.9999998,0
Syrian Arab Republic,2010,49.84,-0,-0,31.45,1741.3,SYR,2.5,-4,30106541769,21362541,8.61,0,0
West Bank and Gaza Strip,2010,1622.77,0,111.64,1206.99,1741.3,PSE,4.5,8,9681500000,3786161,21.42,0,0
Yemen,2010,272.57,123.15,79.31,225.05,1741.3,YEM,2,-6,30906749533,23154854,12.93,22.00000001,0
Cook Islands,2010,14.36,0,0,0.03,1741.3,COK,6,6,710852000000,114092961,11.97,222658.3065,0
Fiji,2010,56.59,0,0.41,19.09,1741.3,FJI,2,-7,3140508836,859816,4.32,1.999999999,0
Kiribati,2010,19.73,0,0.08,2.9,1741.3,KIR,7,9,156120895.2,102930,9.43,0,0
Marshall Islands,2010,22.48,0,0.02,20.84,1741.3,MHL,7,9,160407100,56361,11.31,0,0
Nauru,2010,24.66,0,0,1.31,1741.3,NRU,7,8,47564520.39,10009,7.97,16.9999999,0
Niue,2010,15.52,0,0,0.04,1741.3,NIU,4.5,8,4276537205,678329,8.12,2.999999999,0
Palau,2010,27.79,0,0,27.05,1741.3,PLW,6.5,7,185943000,17954,11.51,0,0
Papua New Guinea,2010,407.43,4.42,0,22.1,1741.3,PNG,1,-4,14250755231,7310512,2,0,0
Samoa,2010,82.69,21.54,0,23.29,1741.3,WSM,6.5,8,663161517.9,185944,5.6,0,0
Solomon Islands,2010,275.55,0.05,-0,13.43,1741.3,SLB,5.5,9,846797693.6,527861,1.64,2,0
Tokelau,2010,16.04,0,0,0,1741.3,TKL,6,10,38777346378,8958406,5.17,27.00000012,0
Tonga,2010,52.48,6.94,0,20.36,1741.3,TON,6,9,366840012.4,103981,1.75,0,0
Tuvalu,2010,11.77,0,0,3.63,1741.3,TUV,7,9,31823518.62,10521,8.75,7.999999886,0
Vanuatu,2010,103.21,-0,0,37.3,1741.3,VUT,4,3,670713208.1,236216,1.85,0,0
Wallis and Futuna,2010,110.66,0,0,110.61,1741.3,WLF,3.5,3,6612974822,3848449,3.71,7.000000001,0
Albania,2011,179.22,10.87,2.77,105.03,1777.5,ALB,1,-7,12230507222,2905195,13.48,0,0
Belarus,2011,73.85,0,2.62,30.01,1777.5,BLR,1.5,-7,60300321143,9473172,6.08,6.00596991,0
Bosnia and Herzegovina,2011,253.23,14.63,10.73,83.96,1777.5,BIH,2.5,2,17341594486,3661173,27.58,0,0
Croatia,2011,0,0,0,0,1777.5,HRV,3.5,6,59799454152,4280622,13.68,0,0
North Macedonia,2011,69.17,-0,5.33,48.38,1777.5,MKD,1.5,-9,9632549033,2072484,31.38,0.999999999,0
Moldova,2011,96.55,47.3,20.54,52.54,1777.5,MDA,6,9,7380775145,2859833,6.68,0,0
Montenegro,2011,26.05,3.83,5.69,15.32,1777.5,MNE,4.5,6,4276787738,620079,19.67,0,0
Serbia,2011,232.02,21.72,14.93,145.79,1777.5,SRB,2.5,-3,42671028784,7234099,22.97,1.000000007,0
Turkey,2011,342.43,-0,-0,292.79,1777.5,TUR,4.5,7,864017000000,73443254,8.8,656.0000077,1
Ukraine,2011,415.41,0,14.55,322.15,1777.5,UKR,6,9,143447000000,45706086,7.85,0,0
Algeria,2011,103.84,0,0.19,89.24,1777.5,DZA,4.5,9,165882000000,36661438,9.96,10,1
Egypt,2011,191.22,-0,98.72,112.43,1777.5,EGY,3,5,222848000000,84529251,11.85,1.999999984,0
Libya,2011,462.59,0,96.99,374.26,1777.5,LBY,2.5,-3,28357141373,6247438,19.02,0,1
Morocco,2011,754.4,-0,22.03,681.87,1777.5,MAR,1,-7,98106615022,32781860,8.91,0,0
Tunisia,2011,416.51,-0,15.01,318.83,1777.5,TUN,1,-7,43206166355,10741872,18.33,0,0
Angola,2011,117.39,6.58,0.22,89.48,1777.5,AGO,2.5,-2,86708995310,24220660,7.36,129.9999994,0
Benin,2011,408.37,58.2,-0,313.65,1777.5,BEN,3.5,5,9817949078,9460829,2.65,0,0
Botswana,2011,94.12,-0,7.21,89.12,1777.5,BWA,6,10,13560037580,2015406,17.85,0,0
Burkina Faso,2011,394.96,197.76,1.16,217.45,1777.5,BFA,1.5,-4,10779134810,16081915,5.12,0,0
Burundi,2011,240.12,85.8,0.47,128.9,1777.5,BDI,1.5,-8,2114083126,8958406,1.7,11.99999998,0
Cabo Verde,2011,190.37,-0,-0,31.34,1777.5,CPV,7,10,1730365372,498858,10.93,0,0
Cameroon,2011,284.28,65.87,-0,266.16,1777.5,CMR,5.5,7,27249927182,20906392,3.97,0,0
Central African Republic,2011,90.78,48.08,0.26,69.19,1777.5,CAF,3.5,5,2232465013,4418639,4.38,1,1
Chad,2011,234.93,3.81,-0,190.01,1777.5,TCD,5.5,6,10676943370,12360986,1.66,0,0
Comoros,2011,23.65,2.35,0.7,23.43,1777.5,COM,3.5,0,945204470.1,706578,6.98,0,0
Congo,2011,154.14,22.84,0.38,151.85,1777.5,COG,5,9,13425341013,4394842,11.89,0,0
C�te d'Ivoire,2011,630.51,149.12,2.26,592.39,1777.5,CIV,4.5,6,23815969586,21028652,6.96,0,1
Democratic Republic of the Congo,2011,3921.83,355.55,-0,3457.06,1777.5,COD,4,-1,23048292323,66755151,4.22,0,1
Djibouti,2011,77,0.7,5.84,75.08,1777.5,DJI,6.5,10,13425341013,853671,11.51,0,0
Equatorial Guinea,2011,18.05,-0,-0,4.76,1777.5,GNQ,5,7,17378785259,986861,8.42,0,0
Eritrea,2011,26.69,11.21,3.06,18.02,1777.5,ERI,2.5,-8,1727482211,3213969,6.76,0,0
Ethiopia,2011,1811.99,642.14,13.64,1521.62,1777.5,ETH,3,-2,33279878090,90139928,2.3,0,1
Gabon,2011,51.77,0,1.41,51.43,1777.5,GAB,2.5,-7,15391860684,1684629,20.38,0,0
Gambia,2011,29.88,9.99,1.35,22.22,1777.5,GMB,4,6,1417815865,1848142,9.41,0,0
Ghana,2011,843.3,381.02,0.18,675.43,1777.5,GHA,6,9,36720063513,25387713,5.62,14,0
Guinea,2011,73.89,18.02,0.34,65.28,1777.5,GIN,4,7,7238091888,10420459,4.45,0,0
Guinea-Bissau,2011,44.11,10.24,0.11,23.84,1777.5,GNB,4.5,7,918589222.8,1562996,3.08,0,0
Kenya,2011,1509.96,149.14,4.5,1245,1777.5,KEN,4,7,42443399231,43178270,2.86,32.99999956,0
Lesotho,2011,144.7,15,2.61,127.58,1777.5,LSO,6,8,2337848144,2003793,26.04,26.00000036,0
Liberia,2011,475.93,56.62,0.1,330.88,1777.5,LBR,2,-4,2161851301,4017446,2.24,0,0
Madagascar,2011,207.42,39.98,3.2,178.82,1777.5,MDG,4.5,7,10140281078,21743970,2.02,35.00000004,0
Malawi,2011,412.93,63.9,-0,315.09,1777.5,MWI,3,4,7297481088,14962118,5.93,4.000000005,0
Mali,2011,721.72,135.86,2.85,510.2,1777.5,MLI,1,-7,11032624437,15514593,6.9,1,0
Mauritania,2011,110.75,30.08,10.95,78.8,1777.5,MRT,1.5,-4,5863763325,3598646,9.86,0,1
Mauritius,2011,96.85,-0,-0,95.35,1777.5,MUS,1.5,-7,10411574172,1252404,7.45,0,0
Mayotte,2011,0,0,0,0,1777.5,MYT,1,-7,8318842593,3848449,6.66,1,0
Mozambique,2011,1536.93,86.41,1.83,833.54,1777.5,MOZ,5.5,8,11928323142,24187500,3.3,23.00000006,0
Namibia,2011,229.25,0,1,204.74,1777.5,NAM,6,7,12013342334,2156698,19.33,107.9999999,0
Niger,2011,274.75,92.8,4.44,184.89,1777.5,NER,5,6,8036303921,17114770,0.32,16.00000002,0
Nigeria,2011,830.07,583.1,0.92,790.62,1777.5,NGA,4,6,380642000000,162805080,3.77,185.0000002,1
Rwanda,2011,552.49,260.98,7.88,390.59,1777.5,RWA,5,6,6608387228,10293333,1.1,14.00000002,1
Saint Helena,2011,70.06,0,0,70.06,1777.5,SHN,3.5,-1,2334665710,5667436,2.24,2.999999999,0
Sao Tome and Principe,2011,32.69,17.02,0,5.67,1777.5,STP,7,10,205301689.1,184521,14.1,0,0
Senegal,2011,521.88,155.26,7.3,418.02,1777.5,SEN,1,2,16336387692,13033814,10.36,0,1
Seychelles,2011,5.43,0,4.63,3.54,1777.5,SYC,7,8,1046438131,87441,9.36,0,0
Sierra Leone,2011,152.37,54.61,4.49,128.17,1777.5,SLE,4.5,7,2740829819,6563238,4.29,21.00000003,0
Somalia,2011,662.53,0,82.88,378.34,1777.5,SOM,1,-2,43630549585,12376305,13.38,0,1
South Africa,2011,1012.88,0,0.87,892.79,1777.5,ZAF,4.5,6,387677000000,52003759,24.64,65.99999997,0
South Sudan,2011,338.44,0,0.69,209.91,1777.5,SSD,1,-8,13924490001,9830695,12.57,0,1
Sudan,2011,1267.69,-0,17.52,1025.67,1777.5,SDN,6,9,65622965329,35349676,17.44,19.99999998,1
Eswatini,2011,65.6,-0,3.52,61.43,1777.5,SWZ,4.5,6,4538528100,1072029,26.15,0,0
Tanzania,2011,1532.45,233.03,6.62,997.56,1777.5,TZA,4.5,1,34470432851,45673520,3.47,36.99999991,0
Togo,2011,285.36,50.39,0.33,75.86,1777.5,TGO,4.5,-1,3648885268,6595939,1.98,0,0
Uganda,2011,935.63,154.57,2.04,669.27,1777.5,UGA,4.5,6,29053229577,33476772,3.58,50.00000052,1
Zambia,2011,656.2,65.03,4.95,461.49,1777.5,ZMB,4,6,21393257280,14023199,10.34,0,0
Zimbabwe,2011,509.43,0,0.07,353.76,1777.5,ZWE,1.5,-9,13750837258,12894323,5.37,0,0
Anguilla,2011,0.34,0,0,0.34,1777.5,AIA,4.5,6,35975633172,7144774,7.65,10,0
Antigua and Barbuda,2011,8.28,0,0.05,7.31,1777.5,ATG,6,9,1126201417,89250,8.4,0,0
Barbados,2011,0,0,0,0,1777.5,BRB,6,10,4499500000,282987,11.19,0,0
Belize,2011,5.34,0,-0,4.01,1777.5,BLZ,6,7,1403630793,330236,8.4,0,0
Costa Rica,2011,24.41,-0,0.43,17.37,1777.5,CRI,3.5,5,39316783581,4633086,10.14,3.999999999,0
Cuba,2011,53.37,0,0.52,27.45,1777.5,CUB,2.5,-4,66130664082,11236671,3.18,0,0
Dominica,2011,6.47,0.24,-0,5.58,1777.5,DMA,7,8,492721974.7,70912,7.22,0,0
Dominican Republic,2011,166.74,-0,0.08,118.71,1777.5,DOM,5,9,55547842686,9813219,6.09,12.00000016,0
El Salvador,2011,252.65,-0,0.28,195.2,1777.5,SLV,5.5,8,19151773848,6210567,4.3,49.0000006,0
Grenada,2011,6.85,1.19,-0,5.94,1777.5,GRD,7,10,776911332,106786,8.06,0,0
Guatemala,2011,259.46,0,0.66,145.7,1777.5,GTM,2,-4,42370160782,14521515,3.12,75.00000173,0
Haiti,2011,1127.57,57.61,1,960.27,1777.5,HTI,1.5,-6,12379266072,10100320,14.7,36.99999897,0
Honduras,2011,147.29,119.81,1.28,103.88,1777.5,HND,1.5,-7,16446892853,8480670,4.48,33.00000011,0
Jamaica,2011,-0,0,-0,-0,1777.5,JAM,2.5,2,13449322261,2825932,12.7,0,0
Mexico,2011,821.47,0,1.49,827.65,1777.5,MEX,6,9,1096550000000,115695468,5.17,120.7861037,0
Montserrat,2011,39.32,0,0,39.32,1777.5,MSR,4.5,8,10703326376,3706555,12.7,0,0
Nicaragua,2011,297.17,45.31,59.3,116.71,1777.5,NIC,6,9,9311968296,5903035,6.45,18.00000003,0
Panama,2011,71.44,0,0.25,64.68,1777.5,PAN,3,2,32771096568,3706479,2.31,4.99999987,0
Saint Kitts and Nevis,2011,1.03,-0,-0,0.21,1777.5,KNA,7,10,774069593.8,49442,15.12,0,0
Saint Lucia,2011,1.91,4.3,4.26,0.22,1777.5,LCA,7,9,1568283096,175538,18.86,0,0
Saint Vincent and the Grenadines,2011,0.66,0.42,-0,-0,1777.5,VCT,5.5,6,678369571.7,108315,19.31,0,0
Trinidad and Tobago,2011,0,0,0,0,1777.5,TTO,6,8,22092725498,1336180,3.43,1.000000564,0
Argentina,2011,54.72,0,0.81,53.78,1777.5,ARG,2.5,-6,449062000000,41261490,7.18,1.999999996,0
Bolivia,2011,376.42,38.26,0.07,168.16,1777.5,BOL,5.5,6,20672216286,10212951,2.22,52.0000004,0
Brazil,2011,539.26,0,1.7,444.97,1777.5,BRA,6,8,2296660000000,197514541,6.92,3631.997548,0
Chile,2011,52.51,-0,0.52,49.57,1777.5,CHL,1,-5,231892000000,17233584,7.34,1.000000002,0
Colombia,2011,912.03,-0,0.95,774.28,1777.5,COL,6,9,306473000000,45662747,10.11,692.0000096,1
Ecuador,2011,121.56,-0,0.79,67.43,1777.5,ECU,2.5,-7,75028081292,15243885,3.46,34.00000084,0
Guyana,2011,58.48,0.7,0.04,29.39,1777.5,GUY,3.5,5,3616203677,752029,12.35,0,0
Paraguay,2011,46.64,-0,0.21,23.09,1777.5,PRY,1.5,-9,28405295331,6333981,4.67,1.999999783,0
Peru,2011,495.05,0,0.62,391.64,1777.5,PER,3,-4,156863000000,29264314,3.27,74.50000018,0
Suriname,2011,56.86,0,0.01,13.43,1777.5,SUR,6.5,10,4623921716,535177,7.54,0,0
Uruguay,2011,0.75,0,0.96,-0,1777.5,URY,5,8,42364020185,3368926,6.31,0,0
Venezuela,2011,29.36,0,0.32,27.56,1777.5,VEN,1.5,-7,409614000000,28887873,6.9,29.00000003,0
Cambodia,2011,432.12,31.16,7.88,230.37,1777.5,KHM,4,7,12037055708,14541421,0.58,247.0000017,0
China (People's Republic of),2011,566.21,-0,-0,487.33,1777.5,CHN,4.5,6,6668540000000,1344130000,4.5,843.9371525,0
Democratic People's Republic of Korea,2011,34.38,0,22.54,8.75,1777.5,PRK,4.5,0,5642178580,24673392,2.9,74.00000026,0
Indonesia,2011,184.11,-0,-0,-0,1777.5,IDN,6,10,801682000000,245115988,5.15,128.9999995,0
Lao People's Democratic Republic,2011,232.2,25.25,15.78,90.74,1777.5,LAO,2,-6,7700771123,6347564,0.71,48.00000018,0
Malaysia,2011,25.68,0,0.31,18.34,1777.5,MYS,1,-8,268517000000,28650962,3.05,28.00000056,0
Mongolia,2011,233.13,49.6,0.9,160.68,1777.5,MNG,6,9,8432599136,2770357,4.77,0,0
Philippines,2011,-0,-0,-0,-0,1777.5,PHL,5,8,216408000000,95570049,3.59,666.0000039,1
Thailand,2011,-0,-0,0.35,-0,1777.5,THA,3,-2,343971000000,67518379,0.66,796.0000067,1
Timor-Leste,2011,207.87,1.5,0.25,67.86,1777.5,TLS,2.5,-7,933017880.7,1113154,3.53,0,0
Viet Nam,2011,1697.62,890.92,7.43,1209.36,1777.5,VNM,4,-6,123166000000,88871384,1,138.000001,0
Afghanistan,2011,5734.33,137.45,148.29,5054.76,1777.5,AFG,1.5,-7,15924179996,30117411,11.51,61.99999998,1
Armenia,2011,182.32,28.09,5.61,164.83,1777.5,ARM,1.5,-6,9695518330,2876536,18.44,1.420451152,0
Azerbaijan,2011,147.99,42.16,19.01,125.71,1777.5,AZE,6,8,52077032844,9173082,5.42,0,0
Bangladesh,2011,964.26,95.49,-0,620.12,1777.5,BGD,3.5,0,122731000000,149273134,3.71,40.00000001,0
Bhutan,2011,57.68,30.86,0.38,27.8,1777.5,BTN,4.5,8,1671561537,693297,3.23,0.999999999,0
Georgia,2011,311.18,33.51,6.55,259.95,1777.5,GEO,7,9,13149524980,3756441,19.63,7.000000009,0
India,2011,1705.13,727.39,1.3,1607.63,1777.5,IND,2.5,-6,1763440000000,1250287939,5.65,824.7629692,1
Kazakhstan,2011,25.39,0,109.65,19.15,1777.5,KAZ,1,-4,159003000000,16557202,5.39,5.497074454,0
Kyrgyzstan,2011,164.71,63.98,62.25,133.8,1777.5,KGZ,4.5,8,5079922897,5514600,8.53,3.999999886,0
Maldives,2011,17.47,4.11,4.91,4.81,1777.5,MDV,6.5,10,2809898201,380493,8.86,0,0
Myanmar,2011,237.6,0,-0,141.43,1777.5,MMR,2,-4,54398944605,50990612,0.79,224.9999979,1
Nepal,2011,430.76,136.49,0.44,254.78,1777.5,NPL,4,-1,16550239852,27041220,2.11,140.0000003,0
Pakistan,2011,2493.8,631.51,217.48,2288.85,1777.5,PAK,4,-1,182035000000,183340168,0.8,510.9999997,1
Sri Lanka,2011,316.37,122.26,6.42,177.73,1777.5,LKA,2,-3,61493396998,20398496,4.12,64.99999945,0
Tajikistan,2011,136.79,24.27,8.96,114.79,1777.5,TJK,4.5,7,6059699828,7697507,10.16,0,1
Turkmenistan,2011,13.2,0,10.26,11.78,1777.5,TKM,5,9,25902882089,5174076,4,1.06860584,0
Uzbekistan,2011,50.59,32.85,11.32,22.68,1777.5,UZB,2.5,-4,50313860182,29339400,5,13,0
Iran,2011,65.24,0,8.39,54.09,1777.5,IRN,6.5,9,499687000000,74634959,12.45,2.000000037,1
Iraq,2011,1815.83,37.98,23.97,1727.33,1777.5,IRQ,6,8,148970000000,30725305,8.15,6.000000001,1
Jordan,2011,525.18,-0,230.96,472.39,1777.5,JOR,1,-4,27876505257,7662858,12.9,0,0
Lebanon,2011,245.52,0,26.6,197.17,1777.5,LBN,4.5,9,38777346378,5202022,6.39,0,0
Oman,2011,0,0,0,0,1777.5,OMN,6,8,58426309456,3251102,3.64,13.99999969,0
Syrian Arab Republic,2011,76.11,-0,94.72,54.39,1777.5,SYR,3,5,9921275541,21081814,8.6,0,1
West Bank and Gaza Strip,2011,1460.49,0,74.37,1077.83,1777.5,PSE,3,-2,10611002274,3882986,17.6,0,0
Yemen,2011,289.39,-0,65.38,246.02,1777.5,YEM,6.5,8,26977011030,23807586,13.08,0,0
Cook Islands,2011,19.52,0,0.01,-0,1777.5,COK,4,5,103951000000,64563853,4.79,35.99999993,0
Fiji,2011,50.95,0,0.29,17.6,1777.5,FJI,4,6,3225464092,863451,4.41,0,0
Kiribati,2011,48.99,0.18,0,3.51,1777.5,KIR,7,10,158610338.3,104735,9.87,0,0
Marshall Islands,2011,89.5,0,0,87.36,1777.5,MHL,7,10,159424912.9,56524,8.52,0,0
Nauru,2011,29.36,0,0.01,1.38,1777.5,NRU,7,8,52320972.43,10069,8.15,1.999999998,0
Niue,2011,19.06,0,0,0.05,1777.5,NIU,7,10,5485158523,281107,12.2,0,0
Palau,2011,24.53,0,0.02,23.16,1777.5,PLW,7,8,198370840.4,17748,11.97,20.00000004,0
Papua New Guinea,2011,441.03,12.56,0.04,14.83,1777.5,PNG,5.5,7,14408588562,7472196,2.62,0,0
Samoa,2011,49.91,0.84,0.01,15.42,1777.5,WSM,6,10,690837857.3,187469,5.68,0,0
Solomon Islands,2011,236.95,3.89,-0,19.01,1777.5,SLB,4,-1,908377219,541522,1.28,0,0
Tokelau,2011,19.42,0,0,0,1777.5,TKL,5,7,10003670690,2810464,11.97,0,0
Tonga,2011,54.79,11.06,0.04,15.12,1777.5,TON,6,8,391852177.5,103558,1.92,0,0
Tuvalu,2011,22.44,0,2.52,10.87,1777.5,TUV,7,8,34215359.71,10626,8.41,21.00000003,0
Vanuatu,2011,73.77,-0,0.06,11.97,1777.5,VUT,6,7,691759344,242658,1.85,0,0
Wallis and Futuna,2011,103.93,0,0,103.83,1777.5,WLF,2.5,-8,7435096950,3770635,12.71,5.463254628,0
Albania,2012,145.71,13.11,24.74,80.27,1823.3,ALB,2.5,-6,12403877841,2900401,13.38,0,0
Belarus,2012,58.03,0,2.24,32.8,1823.3,BLR,6,8,61317669289,9464495,6.06,0,0
Bosnia and Herzegovina,2012,200.64,-0,12.72,94.1,1823.3,BIH,2,-4,17199074937,3604972,28.01,0,0
Croatia,2012,0,0,0,0,1823.3,HRV,3.5,4,58369186194,4267558,15.94,0,0
North Macedonia,2012,74.9,-0,9.02,55.66,1823.3,MKD,6,9,9588606960,2074275,31.02,0,0
Moldova,2012,119.43,67.28,21.72,72.9,1823.3,MDA,4.5,8,7337248195,2859458,5.58,0,0
Montenegro,2012,30.67,2.32,8.61,18.69,1823.3,MNE,3,-4,4160296612,620601,19.97,0,0
Serbia,2012,152.43,4.75,12.63,112.07,1823.3,SRB,1.5,0,42380207644,7199077,24,1.000000004,0
Turkey,2012,111.69,-0,-0,57.45,1823.3,TUR,5.5,6,905390000000,74651046,8.15,15.00000002,1
Ukraine,2012,407.91,0,15.84,316.37,1823.3,UKR,2.5,-7,143789000000,45593342,7.53,0,0
Algeria,2012,92.1,0,-0,75.93,1823.3,DZA,6,9,171522000000,37383899,10.97,68.99999965,1
Egypt,2012,280.25,-0,458.89,216.95,1823.3,EGY,2,-6,227809000000,86422240,12.6,5.000000013,0
Libya,2012,99.58,0,2.34,77.64,1823.3,LBY,1.5,-9,63275999127,6285751,19.03,0,0
Morocco,2012,818.9,-0,-0,699.95,1823.3,MAR,4,1,101060000000,33241898,8.99,0,0
Tunisia,2012,370.78,-0,50.15,340.41,1823.3,TUN,1,-7,44972672129,10846993,17.63,0,0
Angola,2012,130.95,33.5,0.78,104.92,1823.3,AGO,5.5,6,94115840393,25107925,7.37,0,0
Benin,2012,242.84,67.86,4.42,148.46,1823.3,BEN,5,8,10290312533,9729254,2.65,4,0
Botswana,2012,64.23,-0,0.32,56.24,1823.3,BWA,5,7,14164292445,2039551,17.86,0,0
Burkina Faso,2012,485.85,199.51,2.84,305.52,1823.3,BFA,4.5,8,11474677065,16571252,5.58,18.00000002,0
Burundi,2012,206.16,96.02,0.25,104.07,1823.3,BDI,2.5,-7,2208090234,9245992,1.67,0,0
Cabo Verde,2012,204.72,10.86,0.56,19.48,1823.3,CPV,6,8,1749086512,505241,11.21,0,0
Cameroon,2012,241.51,81.05,-0,213.27,1823.3,CMR,5.5,9,28487963591,21485267,3.84,25.00000001,0
Central African Republic,2012,66.51,39.21,0.3,49.98,1823.3,CAF,4.5,8,2345288465,4436411,4.38,0,1
Chad,2012,237.65,-0,0.69,199.98,1823.3,TCD,5.5,6,11625330987,12784748,1.73,20.00000002,0
Comoros,2012,27.51,2.33,10.79,26.79,1823.3,COM,4,6,975453592.6,723865,7.39,3.999999968,0
Congo,2012,45.96,27.51,0.88,42.09,1823.3,COG,2,-5,14760780244,4510197,10,18.99999998,0
C�te d'Ivoire,2012,1921.27,99.43,7.69,1528.44,1823.3,CIV,6.5,8,26365827347,21547188,7.22,0,0
Democratic Republic of the Congo,2012,1542.59,354.22,0.72,1246.48,1823.3,COD,1,-8,24681701508,69020749,4.49,1,1
Djibouti,2012,75.14,5.09,8.45,73.36,1823.3,DJI,2.5,-6,6853467858,868136,11.52,0,0
Equatorial Guinea,2012,12.19,-0,-0,3.42,1823.3,GNQ,5.5,10,18823461406,1031191,8.43,0,0
Eritrea,2012,12.83,1.05,49.91,9.42,1823.3,ERI,2.5,-9,65622965329,5667436,6.77,0,0
Ethiopia,2012,1711.15,701.68,14.51,1427.42,1823.3,ETH,5,7,36157859259,92726982,2.28,0,1
Gabon,2012,55.04,0,-0,54.92,1823.3,GAB,1.5,-7,16200099128,1749677,20.4,1.000000002,0
Gambia,2012,26.13,26.9,1.55,21.47,1823.3,GMB,5,8,1492131666,1905020,9.42,0,0
Ghana,2012,778.74,337.32,6.01,587.56,1823.3,GHA,5,8,40132381684,25996454,5.93,0,0
Guinea,2012,132.75,48.86,-0,122.08,1823.3,GIN,4,8,7666245932,10652032,4.45,0,0
Guinea-Bissau,2012,35.21,9.41,0.54,20.31,1823.3,GNB,6,9,902856701.3,1604981,3.08,0,0
Kenya,2012,1626.76,178.12,4.34,1389.61,1823.3,KEN,3,-8,44380180300,44343469,2.86,72.99996456,0
Lesotho,2012,159.01,-0,4.14,145.2,1823.3,LSO,5,9,2485946655,2014988,25.3,0,0
Liberia,2012,321.34,38.33,0.04,237.3,1823.3,LBR,3.5,1,2334665710,4135662,2.21,0,0
Madagascar,2012,172.36,43.25,1.79,148.62,1823.3,MDG,3.5,4,10445619788,22346641,0.6,34.99999977,0
Malawi,2012,585.47,146.03,0.06,478.18,1823.3,MWI,3.5,6,7435096950,15396010,5.94,2,0
Mali,2012,713.04,63.65,0.46,538.1,1823.3,MLI,4,8,10940310648,15979492,6.62,0,1
Mauritania,2012,151.65,34.71,47.23,135.92,1823.3,MRT,5.5,8,6125874318,3706555,9.87,0,0
Mauritius,2012,78.09,-0,-0,77.04,1823.3,MUS,6,9,10775575125,1255882,7.47,0,0
Mayotte,2012,0,0,0,0,1823.3,MYT,7,10,25303315390,3062782,9.71,0,0
Mozambique,2012,1369.1,206,0.29,809.9,1823.3,MOZ,4.5,9,12794133231,24862673,3.35,32.99999987,0
Namibia,2012,199.83,0,-0,184.47,1823.3,NAM,3,-4,12621419531,2194777,16.77,0,0
Niger,2012,386.76,104.29,2.74,276.24,1823.3,NER,4.5,-1,8884049167,17795209,2.18,91.0000018,0
Nigeria,2012,863.55,444.44,2.29,834.18,1823.3,NGA,5,8,396744000000,167228803,3.74,377.9999962,1
Rwanda,2012,407.63,87.86,1.29,286.2,1823.3,RWA,1.5,-4,7179451021,10549668,1.14,5.000000003,1
Saint Helena,2012,148.14,0,0,148.14,1823.3,SHN,1.5,-7,28696460069,2673794,20.2,36,0
Sao Tome and Principe,2012,26.07,5.48,0.03,4.92,1823.3,STP,7,8,211752219.9,188394,13.59,0,0
Senegal,2012,650.87,126.68,-0,550.01,1823.3,SEN,4.5,7,16990332564,13401990,9.42,18.99999998,0
Seychelles,2012,5.08,0,10.77,4.35,1823.3,SYC,7,9,1059631925,88303,12.57,0,0
Sierra Leone,2012,168.16,59.87,2.48,142.44,1823.3,SLE,1,-9,3156936273,6712586,4.44,0,0
Somalia,2012,610.53,0,68.75,444.82,1823.3,SOM,5.5,8,36021655262,12715487,13.39,31.00000006,1
South Africa,2012,711.91,0,0.94,650.32,1823.3,ZAF,4.5,6,396257000000,52832659,24.73,15.99999985,0
South Sudan,2012,969.55,0,0.7,716.76,1823.3,SSD,2.5,-4,7507789479,10113648,12.59,47.00000053,1
Sudan,2012,832.09,0,68.8,701.84,1823.3,SDN,4.5,6,66074572472,36193781,17.45,35.00000009,1
Eswatini,2012,56.64,-0,3.2,53.38,1823.3,SWZ,4.5,7,4783214188,1079285,25.52,0,0
Tanzania,2012,1651.07,494.33,14.63,1160.11,1823.3,TZA,5,7,36021655262,47053033,3.19,9.999999998,0
Togo,2012,101.11,34.12,3.22,48.66,1823.3,TGO,4.5,6,3887650332,6773807,2.05,0,0
Uganda,2012,881.33,172.58,0.71,654.83,1823.3,UGA,1,-7,30168134365,34558700,3.55,17.99999998,0
Zambia,2012,624.5,72.86,-0,475.26,1823.3,ZMB,3.5,5,23018629943,14465148,7.85,0,0
Zimbabwe,2012,617.84,0,0.1,469.68,1823.3,ZWE,5,8,16042473246,13115149,5.38,0,0
Anguilla,2012,0.48,0,0,0.48,1823.3,AIA,2.5,-6,61493396998,16571252,5.48,31.00000021,0
Antigua and Barbuda,2012,1.43,0,0.03,0.96,1823.3,ATG,6,7,1164186684,90407,12.59,0,0
Barbados,2012,0,0,0,0,1823.3,BRB,7,9,4479000000,283698,11.59,0,0
Belize,2012,3.71,0,-0,3.46,1823.3,BLZ,6,6,1437547882,338001,8.38,0,0
Costa Rica,2012,20.57,0,0.52,17.4,1823.3,CRI,4,4,41236461855,4688003,9.78,7.00000012,0
Cuba,2012,48.11,0,6.7,27.68,1823.3,CUB,5,8,68124437665,11257112,3.46,17.00000033,0
Dominica,2012,14.32,-0,-0,14,1823.3,DMA,7,10,487504047.8,70954,6.42,0,0
Dominican Republic,2012,182.01,-0,0.1,169.11,1823.3,DOM,1,-9,57057281931,9930916,6.72,8.999999834,0
El Salvador,2012,217.62,-0,0.29,180.68,1823.3,SLV,3,-2,19690770418,6237922,3.84,1.000000015,0
Grenada,2012,0.97,2.9,0.01,0.24,1823.3,GRD,7,10,767936889.4,107452,15.26,0,0
Guatemala,2012,249.35,0,0.57,168.49,1823.3,GTM,1.5,-9,43630549585,14781942,2.77,7.000000005,0
Haiti,2012,796.2,78.17,0.39,703.19,1823.3,HTI,1.5,-5,12447744029,10250922,14.1,55.00000029,0
Honduras,2012,180.63,70.74,6.19,139.51,1823.3,HND,3,-4,17125933704,8640692,3.75,0.999999858,0
Jamaica,2012,0.89,0,-0,-0,1823.3,JAM,2.5,4,13366792373,2842128,13.93,0.999999999,0
Mexico,2012,361.86,0,1.42,356.28,1823.3,MEX,2.5,-8,1136490000000,117274156,4.89,37.74690073,0
Montserrat,2012,29.68,0,0,29.68,1823.3,MSR,6,10,9684351571,3642691,9.42,1.999999976,0
Nicaragua,2012,225.7,50.87,7.73,124.92,1823.3,NIC,1,-9,9916943344,5982530,5.21,8.999999992,0
Panama,2012,36.33,0,0.15,34.75,1823.3,PAN,6,9,35975633172,3770635,2.39,7.999999932,0
Saint Kitts and Nevis,2012,2.61,-0,0.02,2.34,1823.3,KNA,7,9,756823228,49881,12.15,0,0
Saint Lucia,2012,0.99,0,0.9,0.52,1823.3,LCA,6,9,1565148855,176654,19.06,0,0
Saint Vincent and the Grenadines,2012,0.01,1.05,-0,-0,1823.3,VCT,6,7,687745232.2,108435,19.33,0,0
Trinidad and Tobago,2012,0,0,0,0,1823.3,TTO,6,9,22373295239,1344814,3.72,0,0
Argentina,2012,55.8,0,2.03,53.86,1823.3,ARG,5,8,444453000000,41733271,7.22,4.000000008,0
Bolivia,2012,305.43,43.5,0.14,132.93,1823.3,BOL,5,8,21731104173,10377677,2.05,12.99999999,0
Brazil,2012,989.77,0,1.73,802.47,1823.3,BRA,4.5,6,2340780000000,199287292,7.19,77.50000123,0
Chile,2012,95.62,0,0.42,64.98,1823.3,CHL,3.5,6,244226000000,17400359,6.66,1,0
Colombia,2012,684.51,0,1.11,581.85,1823.3,COL,3.5,-4,318464000000,46075721,9.74,173,1
Ecuador,2012,115.31,-0,0.73,56.45,1823.3,ECU,2.5,-8,79261137178,15474099,3.24,52.00000222,0
Guyana,2012,29.27,0.9,0.18,28.55,1823.3,GUY,2.5,-7,3810837161,755388,12.67,0,0
Paraguay,2012,42.54,-0,0.15,24.29,1823.3,PRY,1.5,-7,28204173594,6421510,4.09,10.99999906,0
Peru,2012,318.9,0,0.67,235.66,1823.3,PER,3.5,3,166494000000,29506790,2.94,70.50000039,0
Suriname,2012,20.84,0,0.02,13.33,1823.3,SUR,7,10,4748321396,541247,8.1,0,0
Uruguay,2012,4.81,0,0.88,2.81,1823.3,URY,4.5,6,43862934926,3378975,6.45,0,0
Venezuela,2012,29.2,0,0.26,26.62,1823.3,VEN,3,5,432658000000,29360827,6.6,21.99999948,0
Cambodia,2012,548.4,33.85,2.64,331.53,1823.3,KHM,1,-8,12917367180,14780454,0.51,13.99999997,0
China (People's Republic of),2012,264.69,-0,-0,130.88,1823.3,CHN,1,-4,7192930000000,1350695000,4.6,842.0629814,0
Democratic People's Republic of Korea,2012,35.75,0,16.28,14.75,1823.3,PRK,4.5,5,40000088347,24800638,2.9,147.0000001,0
Indonesia,2012,21.01,-0,-0,-0,1823.3,IDN,6,10,850024000000,248451714,4.47,90.99999996,0
Lao People's Democratic Republic,2012,244.04,44.13,12.96,120.69,1823.3,LAO,6,8,8318842593,6444527,0.71,0,0
Malaysia,2012,8.96,0,0.91,21.86,1823.3,MYS,4,6,283214000000,29068189,3.04,5.999999988,0
Mongolia,2012,331.86,21.59,9.34,255,1823.3,MNG,5.5,9,9471480158,2824698,3.91,0,0
Philippines,2012,49.11,-0,0.24,-0,1823.3,PHL,5,8,231334000000,97212639,3.5,449.0000113,1
Thailand,2012,-0,0,0.39,-0,1823.3,THA,4,6,368884000000,67835969,0.58,409.4999992,1
Timor-Leste,2012,179.13,8.48,0.21,45.61,1823.3,TLS,5,8,989200214.8,1133002,3.77,0,0
Viet Nam,2012,2154.69,1013.7,9.9,1618.15,1823.3,VNM,2.5,-4,129629000000,89801926,1.03,44.99999999,0
Afghanistan,2012,5368.81,157.55,220.82,4635.76,1823.3,AFG,2,-6,17954877146,31161378,11.52,333.0000057,1
Armenia,2012,104.73,43.27,6.33,91.03,1823.3,ARM,4.5,7,10393595650,2884239,17.3,2.000000016,0
Azerbaijan,2012,175.4,24.43,13.27,158.57,1823.3,AZE,2,-2,53224258122,9295784,5.19,0,1
Bangladesh,2012,1151.94,405.37,-0,806,1823.3,BGD,2.5,-3,130735000000,151005733,4.06,272,0
Bhutan,2012,64.2,34.16,0.96,31.56,1823.3,BTN,3.5,5,1757118757,701582,2.05,0,0
Georgia,2012,347.81,68.73,10.1,298.89,1823.3,GEO,7,10,13987019318,3728874,19.65,1.999999998,0
India,2012,1250.27,-0,1.77,1151.31,1823.3,IND,3.5,4,1859660000000,1265780243,5.66,334.1529185,1
Kazakhstan,2012,39.12,0,38.1,33.31,1823.3,KAZ,3.5,5,166635000000,16792090,5.29,5.278781064,0
Kyrgyzstan,2012,133.19,49.5,102.91,103.43,1823.3,KGZ,7,10,5075444934,5607200,8.43,12.00000012,0
Maldives,2012,14.45,5.16,5.03,7.54,1823.3,MDV,5,8,2880634127,397231,7.57,0,0
Myanmar,2012,288.6,0,-0,166.6,1823.3,MMR,4,5,58387839939,51413703,0.79,39.99999992,1
Nepal,2012,465.21,133.66,0.82,274.88,1823.3,NPL,4.5,-1,17284821172,26989160,2.36,83.00000005,0
Pakistan,2012,1485.8,323.41,113.49,1312.77,1823.3,PAK,2.5,2,188419000000,187280125,1.7,670.9999999,1
Sri Lanka,2012,292.31,87.6,-0,168.77,1823.3,LKA,3.5,-5,67116705113,20425000,3.88,53.00000008,0
Tajikistan,2012,148.13,8.14,20.1,119.74,1823.3,TJK,2.5,-6,6514177283,7874838,9.5,2,0
Turkmenistan,2012,14.25,0,11.02,12.36,1823.3,TKM,1,-8,28778101991,5267906,4,0.765209551,0
Uzbekistan,2012,70.88,44.57,6.71,46.8,1823.3,UZB,3.5,-4,54024853523,29774500,4.9,3,0
Iran,2012,98.35,0,9.55,83.27,1823.3,IRN,6,7,462488000000,75539881,12.63,323.9417544,0
Iraq,2012,1044.99,54.58,18.83,953.53,1823.3,IRQ,4.5,5,169731000000,31890012,7.97,5.000000018,1
Jordan,2012,867.67,-0,50.08,818.11,1823.3,JOR,6,10,28553725368,8089963,12.2,0,0
Lebanon,2012,536.47,0,6.02,495.28,1823.3,LBN,4,5,39762501340,5537620,6.4,0,0
Oman,2012,0,0,0,0,1823.3,OMN,4.5,7,63710994231,3498031,3.52,0,0
Syrian Arab Republic,2012,477,0,767.55,359.22,1823.3,SYR,5,7,66808366776,20438861,8.61,0,1
West Bank and Gaza Strip,2012,1004.32,0,175.84,669.59,1823.3,PSE,1.5,-4,11257897418,3979998,19.2,0,0
Yemen,2012,386.81,18.57,44.13,326.18,1823.3,YEM,2.5,-6,27622540064,24473176,13.24,0,0
Cook Islands,2012,16.78,0,0.03,0.26,1823.3,COK,3,-4,75028081292,10525691,4.38,0,0
Fiji,2012,69.36,0,0.25,18.58,1823.3,FJI,5,9,3270985530,865065,4.42,2,0
Kiribati,2012,49.39,0.82,0,12.84,1823.3,KIR,7,10,166086149.7,106359,12.57,0,0
Marshall Islands,2012,86.79,0,0,80.44,1823.3,MHL,7,10,155765775.7,56712,11.85,0,0
Nauru,2012,22.03,0,3.27,1.28,1823.3,NRU,7,9,58266537.48,10136,9.43,0,0
Niue,2012,17.74,0,0,0.07,1823.3,NIU,6.5,10,11431334447,397231,18.95,4.914822261,0
Palau,2012,11.94,0,0.01,6.7,1823.3,PLW,6.5,7,201688796.2,17635,9.5,0,0
Papua New Guinea,2012,423.06,21.52,0,7.96,1823.3,PNG,2.5,-4,15079613764,7631003,2.63,65,0
Samoa,2012,70.23,2.61,0.02,12.59,1823.3,WSM,6,7,662591405.6,189089,8.75,11.99999994,0
Solomon Islands,2012,218.11,5.96,-0,12.41,1823.3,SLB,3,5,925277260.3,556066,0.96,0,0
Tokelau,2012,18.03,0,0,0.01,1823.3,TKL,4,0,166494000000,46053331,3.87,4.000000008,0
Tonga,2012,53.02,5.94,4.62,10.91,1823.3,TON,6,9,395077523.4,102736,2.11,0,0
Tuvalu,2012,18.72,0.25,0.01,2.96,1823.3,TUV,7,8,32902944.45,10744,8.91,0,0
Vanuatu,2012,80.46,-0,0.03,12.57,1823.3,VUT,6,7,698746320.3,249505,1.85,0,0
Wallis and Futuna,2012,103.02,0,0,102.9,1823.3,WLF,5,8,11431334447,1250400,18.51,7.000000009,0
